date,ask_value,bid_value
2018-04-06,32.21,31.66
2018-04-05,32.26,31.73
2018-04-04,32.38,31.85
2018-04-03,32.49,31.88
2018-04-02,32.51,31.91
2018-04-01,32.60,31.96
2018-03-31,32.60,31.97
2018-03-30,32.60,31.99
2018-03-29,32.75,32.19
2018-03-28,32.77,32.20
2018-03-27,32.74,32.17
2018-03-26,32.61,32.07
2018-03-25,32.57,32.02
2018-03-24,32.58,32.03
2018-03-23,32.58,32.02
2018-03-22,32.63,32.08
2018-03-21,32.57,31.99
2018-03-20,32.75,32.15
2018-03-19,32.78,32.22
2018-03-18,32.83,32.23
2018-03-17,32.86,32.23
2018-03-16,32.87,32.20
2018-03-15,32.88,32.16
2018-03-14,32.60,32.00
2018-03-13,32.36,31.76
2018-03-12,32.51,31.86
2018-03-11,32.72,32.05
2018-03-10,32.70,32.05
2018-03-09,32.71,32.06
2018-03-08,32.77,32.12
2018-03-07,32.78,32.12
2018-03-06,32.76,32.15
2018-03-05,32.91,32.29
2018-03-04,32.99,32.35
2018-03-03,32.99,32.35
2018-03-02,32.83,32.24
2018-03-01,32.91,32.31
2018-02-28,33.10,32.52
2018-02-27,33.34,32.82
2018-02-26,33.40,32.87
2018-02-25,33.40,32.83
2018-02-24,33.41,32.84
2018-02-23,33.40,32.84
2018-02-22,33.42,32.81
2018-02-21,33.54,32.93
2018-02-20,33.76,33.09
2018-02-19,33.88,33.18
2018-02-18,34.00,33.22
2018-02-17,34.01,33.23
2018-02-16,33.99,33.23
2018-02-15,33.66,32.94
2018-02-14,33.32,32.70
2018-02-13,33.20,32.58
2018-02-12,33.39,32.74
2018-02-11,33.52,32.93
2018-02-10,33.56,32.93
2018-02-09,33.55,32.95
2018-02-08,33.77,33.07
2018-02-07,33.87,33.22
2018-02-06,34.23,33.50
2018-02-05,34.60,34.02
2018-02-04,34.64,34.04
2018-02-03,34.68,34.06
2018-02-02,34.70,34.10
2018-02-01,34.63,34.00
2018-01-31,34.62,33.93
2018-01-30,34.67,33.98
2018-01-29,35.04,34.28
2018-01-28,35.25,34.56
2018-01-27,35.29,34.63
2018-01-26,35.34,34.68
2018-01-25,35.36,34.77
2018-01-24,35.15,34.63
2018-01-23,35.08,34.57
2018-01-22,35.08,34.53
2018-01-21,35.04,34.47
2018-01-20,35.06,34.49
2018-01-19,35.06,34.51
2018-01-18,34.88,34.32
2018-01-17,34.84,34.24
2018-01-16,34.83,34.18
2018-01-15,34.67,33.95
2018-01-14,34.26,33.56
2018-01-13,34.30,33.59
2018-01-12,34.18,33.52
2018-01-11,34.00,33.34
2018-01-10,33.79,33.12
2018-01-09,33.81,33.07
2018-01-08,33.83,33.17
2018-01-07,33.82,33.14
2018-01-06,33.83,33.16
2018-01-05,33.80,33.13
2018-01-04,33.60,32.93
2018-01-03,33.58,32.87
2018-01-02,33.47,32.75
2018-01-01,33.45,32.72
2017-12-31,33.46,32.74
2017-12-30,33.46,32.75
2017-12-29,33.44,32.73
2017-12-28,33.28,32.66
2017-12-27,33.07,32.52
2017-12-26,33.09,32.54
2017-12-25,33.11,32.57
2017-12-24,33.15,32.60
2017-12-23,33.16,32.60
2017-12-22,33.16,32.60
2017-12-21,33.04,32.48
2017-12-20,33.02,32.45
2017-12-19,33.07,32.46
2017-12-18,33.15,32.46
2017-12-17,33.03,32.38
2017-12-16,33.02,32.36
2017-12-15,32.95,32.28
2017-12-14,32.78,32.14
2017-12-13,32.46,31.91
2017-12-12,32.34,31.87
2017-12-11,32.25,31.79
2017-12-10,32.23,31.78
2017-12-09,32.22,31.77
2017-12-08,32.23,31.78
2017-12-07,32.29,31.82
2017-12-06,32.33,31.87
2017-12-05,32.37,31.90
2017-12-04,32.33,31.86
2017-12-03,32.28,31.79
2017-12-02,32.28,31.79
2017-12-01,32.26,31.78
2017-11-30,32.22,31.74
2017-11-29,32.13,31.63
2017-11-28,32.03,31.55
2017-11-27,32.00,31.52
2017-11-26,31.91,31.43
2017-11-25,31.90,31.42
2017-11-24,31.89,31.42
2017-11-23,31.81,31.35
2017-11-22,31.60,31.15
2017-11-21,31.52,31.09
2017-11-20,31.56,31.14
2017-11-19,31.58,31.12
2017-11-18,31.58,31.13
2017-11-17,31.57,31.13
2017-11-16,31.61,31.15
2017-11-15,31.63,31.15
2017-11-14,31.41,30.96
2017-11-13,31.35,30.91
2017-11-12,31.52,30.91
2017-11-11,31.34,30.90
2017-11-10,31.34,30.89
2017-11-09,31.31,30.87
2017-11-08,31.32,30.88
2017-11-07,31.42,30.95
2017-11-06,31.50,31.06
2017-11-05,31.58,31.12
2017-11-04,31.58,31.12
2017-11-03,31.59,31.15
2017-11-02,31.54,31.09
2017-11-01,31.50,31.03
2017-10-31,31.44,31.01
2017-10-30,31.44,30.95
2017-10-29,31.54,30.98
2017-10-28,31.53,30.99
2017-10-27,31.13,30.64
2017-10-26,31.76,31.28
2017-10-25,31.71,31.19
2017-10-24,31.63,31.13
2017-10-23,31.66,31.13
2017-10-22,31.68,31.18
2017-10-21,31.69,31.18
2017-10-20,31.69,31.20
2017-10-19,31.66,31.16
2017-10-18,31.65,31.14
2017-10-17,31.75,31.20
2017-10-16,31.85,31.34
2017-10-15,31.84,31.35
2017-10-14,31.82,31.35
2017-10-13,31.81,31.34
2017-10-12,31.88,31.38
2017-10-11,31.81,31.31
2017-10-10,31.77,31.25
2017-10-09,31.78,31.23
2017-10-08,32.22,31.22
2017-10-07,31.81,31.23
2017-10-06,31.81,31.23
2017-10-05,31.96,31.38
2017-10-04,31.93,31.34
2017-10-03,31.75,31.18
2017-10-02,31.57,31.09
2017-10-01,31.52,31.07
2017-09-30,31.51,31.07
2017-09-29,31.48,31.03
2017-09-28,31.42,30.93
2017-09-27,31.44,30.93
2017-09-26,31.46,30.96
2017-09-25,31.54,31.05
2017-09-24,31.58,31.09
2017-09-23,31.58,31.09
2017-09-22,31.58,31.10
2017-09-21,31.51,30.99
2017-09-20,31.60,31.11
2017-09-19,31.53,31.05
2017-09-18,31.51,31.02
2017-09-17,31.50,30.96
2017-09-16,31.50,30.97
2017-09-15,31.49,30.97
2017-09-14,31.45,30.91
2017-09-13,31.56,31.03
2017-09-12,31.53,30.98
2017-09-11,31.69,31.10
2017-09-10,31.76,31.16
2017-09-09,31.76,31.15
2017-09-08,31.81,31.15
2017-09-07,31.59,30.89
2017-09-06,31.43,30.73
2017-09-05,31.21,30.54
2017-09-04,31.21,30.46
2017-09-03,30.94,30.27
2017-09-02,30.87,30.27
2017-09-01,30.76,30.24
2017-08-31,30.65,30.07
2017-08-30,30.68,30.10
2017-08-29,30.66,30.04
2017-08-28,30.49,29.92
2017-08-27,30.30,29.76
2017-08-26,30.30,29.78
2017-08-25,30.24,29.74
2017-08-24,30.25,29.74
2017-08-23,30.23,29.74
2017-08-22,30.17,29.70
2017-08-21,30.13,29.65
2017-08-20,30.15,29.50
2017-08-19,30.14,29.68
2017-08-18,30.16,29.70
2017-08-17,30.22,29.57
2017-08-16,30.24,29.77
2017-08-15,30.35,29.88
2017-08-14,30.42,29.97
2017-08-13,30.39,29.91
2017-08-12,30.41,29.91
2017-08-11,30.39,29.91
2017-08-10,30.38,29.86
2017-08-09,30.47,29.97
2017-08-08,30.56,30.07
2017-08-07,30.63,30.14
2017-08-06,30.74,30.22
2017-08-05,30.75,30.22
2017-08-04,30.79,30.26
2017-08-03,30.75,30.24
2017-08-02,30.65,30.15
2017-08-01,30.53,30.02
2017-07-31,30.42,29.94
2017-07-30,30.40,29.89
2017-07-29,30.40,29.89
2017-07-28,30.40,29.87
2017-07-27,30.42,29.87
2017-07-26,30.25,29.75
2017-07-25,30.22,29.72
2017-07-24,30.23,29.73
2017-07-23,30.17,29.68
2017-07-22,30.17,29.69
2017-07-21,30.19,29.69
2017-07-20,30.02,29.58
2017-07-19,30.05,29.58
2017-07-18,30.00,29.50
2017-07-17,29.88,29.40
2017-07-16,29.84,29.40
2017-07-15,29.85,29.40
2017-07-14,29.86,29.39
2017-07-13,29.85,29.37
2017-07-12,29.82,29.33
2017-07-11,29.72,29.26
2017-07-10,29.79,29.26
2017-07-09,29.75,29.23
2017-07-08,29.71,29.24
2017-07-07,29.74,29.25
2017-07-06,29.67,29.18
2017-07-05,29.61,29.14
2017-07-04,29.58,29.11
2017-07-03,29.66,29.16
2017-07-02,29.70,29.21
2017-07-01,29.71,29.19
2017-06-30,29.72,29.19
2017-06-29,29.71,29.18
2017-06-28,29.43,29.01
2017-06-27,29.37,28.96
2017-06-26,29.32,28.90
2017-06-25,29.30,28.90
2017-06-24,29.30,28.89
2017-06-23,29.30,28.89
2017-06-22,29.26,28.84
2017-06-21,29.23,28.79
2017-06-20,29.24,28.81
2017-06-19,29.28,28.84
2017-06-18,29.25,28.80
2017-06-17,29.25,28.79
2017-06-16,29.25,28.78
2017-06-15,29.30,28.85
2017-06-14,29.33,28.88
2017-06-13,29.32,28.85
2017-06-12,29.36,28.89
2017-06-11,29.37,28.90
2017-06-10,29.38,28.90
2017-06-09,29.38,28.89
2017-06-08,29.45,29.01
2017-06-07,29.56,29.12
2017-06-06,29.61,29.15
2017-06-05,29.56,29.13
2017-06-04,29.57,29.12
2017-06-03,29.56,29.12
2017-06-02,29.54,29.10
2017-06-01,29.56,29.12
2017-05-31,29.50,29.04
2017-05-30,29.48,29.01
2017-05-29,29.50,29.03
2017-05-28,29.48,29.04
2017-05-27,29.49,29.05
2017-05-26,29.49,29.06
2017-05-25,29.48,29.03
2017-05-24,29.47,28.99
2017-05-23,29.55,29.08
2017-05-22,29.49,29.01
2017-05-21,29.42,28.93
2017-05-20,29.44,28.94
2017-05-19,29.41,28.91
2017-05-18,29.38,28.90
2017-05-17,29.33,28.83
2017-05-16,29.15,28.64
2017-05-15,29.00,28.50
2017-05-14,28.93,28.41
2017-05-13,28.92,28.41
2017-05-12,28.83,28.34
2017-05-11,28.81,28.31
2017-05-10,28.88,28.32
2017-05-09,28.96,28.40
2017-05-08,28.97,28.41
2017-05-07,28.98,28.43
2017-05-06,28.97,28.42
2017-05-05,28.96,28.44
2017-05-04,28.86,28.34
2017-05-03,28.88,28.34
2017-05-02,28.83,28.34
2017-05-01,28.83,28.34
2017-04-30,28.85,28.35
2017-04-29,28.85,28.36
2017-04-28,28.87,28.36
2017-04-27,28.84,28.34
2017-04-26,28.91,28.38
2017-04-25,28.93,28.39
2017-04-24,28.90,28.38
2017-04-23,28.77,28.28
2017-04-22,28.77,28.29
2017-04-21,28.79,28.33
2017-04-20,28.83,28.38
2017-04-19,28.79,28.36
2017-03-02,28.87,28.35
2017-03-01,28.96,28.38
2017-02-28,28.92,28.33
2017-02-27,28.81,28.22
2017-02-26,28.83,28.25
2017-02-25,28.83,28.25
2017-02-24,28.83,28.26
2017-02-23,28.82,28.23
2017-02-22,28.89,28.30
2017-02-21,29.07,28.48
2017-02-20,29.20,28.58
2017-02-19,29.24,28.59
2017-02-18,29.23,28.61
2017-02-17,29.24,28.62
2017-02-16,29.14,28.56
2017-02-15,29.17,28.56
2017-02-14,29.32,28.71
2017-02-13,29.42,28.81
2017-02-12,29.47,28.83
2017-02-11,29.46,28.85
2017-02-10,29.37,28.75
2017-02-09,29.52,28.85
2017-02-08,29.59,28.92
2017-02-07,29.71,29.01
2017-02-06,29.86,29.16
2017-02-05,29.82,29.10
2017-02-04,29.81,29.12
2017-02-03,29.83,29.13
2017-02-02,29.85,29.15
2017-02-01,29.86,29.11
2017-01-31,29.69,28.94
2017-01-30,29.82,29.06
2017-01-29,29.84,29.09
2017-01-28,29.85,29.15
2017-01-27,29.89,29.21
2017-01-26,29.99,29.30
2017-01-25,30.05,29.36
2017-01-24,30.13,29.43
2017-01-23,30.15,29.40
2017-01-22,30.08,29.34
2017-01-21,30.09,29.33
2017-01-20,30.11,29.35
2017-01-19,30.14,29.29
2017-01-18,30.23,29.29
2017-01-17,30.31,29.36
2017-01-16,30.57,29.54
2017-01-15,30.64,29.57
2017-01-14,30.67,29.57
2017-01-13,30.71,29.61
2017-01-12,30.31,29.24
2017-01-11,29.75,28.89
2017-01-10,29.65,28.77
2017-01-09,29.47,28.54
2017-01-08,29.50,28.53
2017-01-07,29.49,28.54
2017-01-06,29.47,28.55
2017-01-05,29.30,28.35
2017-01-04,29.07,28.19
2017-01-03,29.12,28.12
2017-01-02,29.08,28.16
2017-01-01,29.08,28.17
2016-12-31,29.10,28.19
2016-12-30,29.10,28.19
2016-12-29,28.84,28.06
2016-12-28,28.67,27.91
2016-12-27,28.52,27.80
2016-12-26,28.54,27.80
2016-12-25,28.48,27.68
2016-12-24,28.48,27.74
2016-12-23,28.51,27.74
2016-12-22,28.51,27.74
2016-12-21,28.53,27.69
2016-12-20,28.64,27.76
2016-12-19,28.63,27.81
2016-12-18,28.45,27.76
2016-12-17,28.46,27.80
2016-12-16,28.47,27.77
2016-12-15,28.59,27.87
2016-12-14,28.79,28.08
2016-12-13,28.70,28.02
2016-12-12,28.64,27.96
2016-12-11,28.68,27.96
2016-12-10,28.70,27.99
2016-12-09,28.72,28.04
2016-12-08,28.91,28.24
2016-12-07,28.91,28.26
2016-12-06,28.97,28.28
2016-12-05,28.78,28.11
2016-12-04,28.77,28.12
2016-12-03,28.77,28.12
2016-12-02,28.80,28.14
2016-12-01,28.74,28.08
2016-11-30,28.77,28.10
2016-11-29,28.74,28.08
2016-11-28,28.80,28.12
2016-11-27,28.68,28.02
2016-11-26,28.72,28.07
2016-11-25,28.75,28.09
2016-11-24,28.74,28.06
2016-11-23,28.87,28.16
2016-11-22,28.89,28.18
2016-11-21,28.95,28.16
2016-11-20,29.01,28.20
2016-11-19,29.04,28.22
2016-11-18,29.03,28.25
2016-11-17,29.40,28.49
2016-11-16,29.48,28.67
2016-11-15,29.30,28.55
2016-11-14,29.19,28.44
2016-11-13,29.18,28.47
2016-11-12,29.16,28.48
2016-11-11,29.10,28.42
2016-11-10,29.19,28.46
2016-11-09,29.46,28.68
2016-11-08,29.11,28.54
2016-11-07,29.12,28.54
2016-11-06,29.12,28.52
2016-11-05,29.11,28.52
2016-11-04,29.12,28.54
2016-11-03,29.06,28.50
2016-11-02,28.91,28.31
2016-11-01,28.68,28.11
2016-10-31,28.58,28.04
2016-10-30,28.52,28.00
2016-10-29,28.53,28.02
2016-10-28,28.53,28.00
2016-10-27,28.54,27.99
2016-10-26,28.50,27.97
2016-10-25,28.52,27.96
2016-10-24,28.56,27.98
2016-10-23,28.63,28.04
2016-10-22,28.63,28.09
2016-10-21,28.64,28.08
2016-10-20,28.77,28.23
2016-10-19,28.81,28.24
2016-10-18,28.87,28.27
2016-10-17,28.92,28.27
2016-10-16,28.94,28.36
2016-10-15,28.95,28.39
2016-10-14,28.96,28.40
2016-10-13,28.97,28.39
2016-10-12,29.07,28.43
2016-10-11,29.20,28.60
2016-10-10,29.28,28.68
2016-10-09,29.23,28.63
2016-10-08,29.24,28.65
2016-10-07,29.25,28.64
2016-10-06,29.37,28.80
2016-10-05,29.36,28.80
2016-10-04,29.36,28.78
2016-10-03,29.42,28.85
2016-10-02,29.42,28.85
2016-10-01,29.42,28.88
2016-09-30,29.42,28.85
2016-09-29,29.40,28.81
2016-09-28,29.38,28.77
2016-09-27,29.39,28.81
2016-09-26,29.44,28.84
2016-09-25,29.43,28.82
2016-09-24,29.44,28.85
2016-09-23,29.44,28.82
2016-09-22,29.37,28.73
2016-09-21,29.26,28.60
2016-09-20,29.18,28.53
2016-09-19,29.18,28.45
2016-09-18,29.38,28.65
2016-09-17,29.38,28.65
2016-09-16,29.42,28.67
2016-09-15,29.72,29.07
2016-09-14,29.84,29.15
2016-09-13,29.95,29.29
2016-09-12,30.12,29.50
2016-09-11,30.12,29.54
2016-09-10,30.12,29.54
2016-09-09,30.15,29.53
2016-09-08,30.15,29.55
2016-09-07,30.14,29.54
2016-09-06,30.00,29.36
2016-09-05,29.82,29.19
2016-09-04,29.68,29.05
2016-09-03,29.66,29.06
2016-09-02,29.67,29.03
2016-09-01,29.48,28.81
2016-08-31,29.22,28.55
2016-08-30,29.13,28.43
2016-08-29,29.29,28.56
2016-08-28,29.39,28.69
2016-08-27,29.41,28.69
2016-08-26,29.42,28.72
2016-08-25,29.38,28.69
2016-08-24,29.43,28.72
2016-08-23,29.47,28.77
2016-08-22,29.39,28.70
2016-08-21,29.32,28.63
2016-08-20,29.32,28.65
2016-08-19,29.29,28.57
2016-08-18,29.09,28.43
2016-08-17,28.93,28.30
2016-08-16,28.75,28.14
2016-08-15,28.35,27.84
2016-08-14,28.19,27.68
2016-08-13,28.18,27.66
2016-08-12,28.15,27.62
2016-08-11,28.05,27.53
2016-08-10,27.98,27.48
2016-08-09,27.90,27.39
2016-08-08,27.90,27.38
2016-08-07,27.91,27.40
2016-08-06,27.91,27.40
2016-08-05,27.93,27.41
2016-08-04,27.97,27.45
2016-08-03,28.05,27.50
2016-08-02,27.96,27.41
2016-08-01,27.89,27.38
2016-07-31,27.80,27.29
2016-07-30,27.80,27.30
2016-07-29,27.80,27.25
2016-07-28,27.73,27.20
2016-07-27,27.65,27.13
2016-07-26,27.61,27.13
2016-07-25,27.58,27.08
2016-07-24,27.69,27.16
2016-07-23,27.68,27.19
2016-07-22,27.70,27.18
2016-07-21,27.66,27.14
2016-07-20,27.52,27.04
2016-07-19,27.58,27.11
2016-07-18,27.60,27.13
2016-07-17,27.62,27.13
2016-07-16,27.64,27.16
2016-07-15,27.66,27.17
2016-07-14,27.64,27.13
2016-07-13,27.59,27.09
2016-07-12,27.60,27.08
2016-07-11,27.58,27.04
2016-07-10,27.59,27.07
2016-07-09,27.57,27.09
2016-07-08,27.59,27.08
2016-07-07,27.59,27.06
2016-07-06,27.60,27.08
2016-07-05,27.65,27.15
2016-07-04,27.68,27.15
2016-07-03,27.67,27.14
2016-07-02,27.67,27.13
2016-07-01,27.66,27.12
2016-06-30,27.66,27.06
2016-06-29,27.78,27.00
2016-06-28,27.97,26.98
2016-06-27,27.98,26.96
2016-06-26,28.05,27.01
2016-06-25,28.04,27.04
2016-06-24,28.05,26.97
2016-06-23,28.27,27.76
2016-06-22,28.19,27.70
2016-06-21,28.29,27.77
2016-06-20,28.19,27.72
2016-06-19,28.17,27.71
2016-06-18,28.17,27.72
2016-06-17,28.20,27.68
2016-06-16,28.26,27.70
2016-06-15,28.21,27.64
2016-06-14,28.30,27.70
2016-06-13,28.36,27.77
2016-06-12,28.45,27.86
2016-06-11,28.43,27.87
2016-06-10,28.45,27.87
2016-06-09,28.49,27.95
2016-06-08,28.43,27.88
2016-06-07,28.43,27.86
2016-06-06,28.40,27.83
2016-06-05,28.20,27.61
2016-06-04,28.19,27.60
2016-06-03,28.20,27.59
2016-06-02,28.24,27.66
2016-06-01,28.15,27.62
2016-05-31,28.16,27.64
2016-05-30,28.16,27.63
2016-05-29,28.26,27.70
2016-05-28,28.25,27.71
2016-05-27,28.29,27.72
2016-05-26,28.27,27.71
2016-05-25,28.28,27.71
2016-05-24,28.40,27.82
2016-05-23,28.49,27.90
2016-05-22,28.51,27.94
2016-05-21,28.51,27.96
2016-05-20,28.52,27.94
2016-05-19,28.59,28.00
2016-05-18,28.72,28.18
2016-05-17,28.87,28.28
2016-05-16,28.93,28.31
2016-05-15,28.98,28.33
2016-05-14,28.94,28.34
2016-05-13,28.98,28.28
2016-05-12,29.02,28.38
2016-05-11,28.93,28.27
2016-05-10,28.96,28.25
2016-05-09,28.98,28.28
2016-05-08,28.99,28.29
2016-05-07,28.97,28.29
2016-05-06,28.98,28.28
2016-05-05,29.04,28.29
2016-05-04,29.02,28.28
2016-05-03,28.90,28.11
2016-05-02,28.87,28.07
2016-05-01,28.85,28.05
2016-04-30,28.85,28.05
2016-04-29,28.86,28.10
2016-04-28,28.66,27.93
2016-04-27,28.62,27.92
2016-04-26,28.67,27.98
2016-04-25,28.71,28.01
2016-04-24,28.83,28.12
2016-04-23,28.81,28.13
2016-04-22,28.70,27.90
2016-04-21,28.83,27.96
2016-04-20,28.99,28.16
2016-04-19,29.04,28.22
2016-04-18,29.05,28.21
2016-04-17,29.05,28.24
2016-04-16,29.05,28.24
2016-04-15,29.08,28.21
2016-04-14,29.12,28.24
2016-04-13,29.28,28.37
2016-04-12,29.45,28.48
2016-04-11,29.30,28.35
2016-04-10,29.12,28.23
2016-04-09,29.11,28.25
2016-04-08,29.19,28.22
2016-04-07,29.38,28.52
2016-04-06,29.53,28.68
2016-04-05,29.65,28.78
2016-04-04,29.71,28.87
2016-04-03,29.76,28.90
2016-04-02,29.75,28.93
2016-04-01,29.76,28.95
2016-03-31,29.74,28.94
2016-03-30,29.67,28.86
2016-03-29,29.51,28.67
2016-03-28,29.46,28.64
2016-03-27,29.53,28.68
2016-03-26,29.49,28.71
2016-03-25,29.54,28.72
2016-03-24,29.56,28.72
2016-03-23,29.63,28.79
2016-03-22,29.79,28.94
2016-03-21,29.91,29.02
2016-03-20,29.95,29.09
2016-03-19,29.93,29.10
2016-03-18,29.99,29.11
2016-03-17,29.91,29.03
2016-03-16,29.77,28.92
2016-03-15,29.68,28.77
2016-03-14,29.57,28.58
2016-03-13,29.42,28.46
2016-03-12,29.48,28.50
2016-03-11,29.44,28.33
2016-03-10,29.33,28.35
2016-03-09,29.44,28.48
2016-03-08,29.40,28.45
2016-03-07,29.40,28.47
2016-03-06,29.41,28.46
2016-03-05,29.41,28.49
2016-03-04,29.42,28.47
2016-03-03,29.49,28.63
2016-03-02,29.63,28.82
2016-03-01,29.73,28.88
2016-02-29,29.95,29.16
2016-02-28,30.10,29.36
2016-02-27,30.10,29.38
2016-02-26,30.14,29.39
2016-02-25,30.15,29.37
2016-02-24,30.09,29.29
2016-02-23,30.07,29.22
2016-02-22,30.16,29.27
2016-02-21,30.17,29.25
2016-02-20,30.18,29.28
2016-02-19,30.21,29.26
2016-02-18,30.34,29.43
2016-02-17,30.41,29.54
2016-02-16,30.38,29.47
2016-02-15,30.28,29.35
2016-02-14,30.23,29.35
2016-02-13,30.24,29.39
2016-02-12,30.27,29.35
2016-02-11,30.11,29.20
2016-02-10,29.92,29.01
2016-02-09,29.75,28.79
2016-02-08,29.64,28.59
2016-02-07,29.63,28.54
2016-02-06,29.63,28.53
2016-02-05,29.64,28.53
2016-02-04,29.34,28.24
2016-02-03,29.00,28.01
2016-02-02,28.97,27.90
2016-02-01,28.93,27.88
2016-01-31,28.94,27.85
2016-01-30,28.93,27.85
2016-01-29,28.99,27.86
2016-01-28,28.90,27.76
2016-01-27,28.90,27.73
2016-01-26,28.91,27.71
2016-01-25,28.91,27.66
2016-01-24,28.96,27.72
2016-01-23,29.00,27.76
2016-01-22,29.10,27.79
2016-01-21,29.21,27.80
2016-01-20,29.50,28.10
2016-01-19,29.22,27.98
2016-01-18,28.78,27.60
2016-01-17,28.48,27.28
2016-01-16,28.51,27.31
2016-01-15,28.20,27.05
2016-01-14,27.87,26.72
2016-01-13,27.73,26.50
2016-01-12,27.65,26.38
2016-01-11,27.66,26.25
2016-01-10,27.46,26.17
2016-01-09,27.47,26.20
2016-01-08,27.50,26.26
2016-01-07,27.46,26.17
2016-01-06,27.47,26.20
2016-01-05,27.58,26.27
2016-01-04,27.61,26.32
2016-01-03,27.61,26.28
2016-01-02,27.60,26.28
2016-01-01,27.60,26.28
2015-12-31,27.62,26.34
2015-12-30,27.56,26.37
2015-12-29,27.43,26.30
2015-12-28,27.22,26.10
2015-12-27,27.17,26.00
2015-12-26,27.16,26.04
2015-12-25,27.15,26.03
2015-12-24,27.11,26.00
2015-12-23,27.15,26.08
2015-12-22,27.12,26.09
2015-12-21,27.08,26.04
2015-12-20,27.02,25.95
2015-12-19,27.02,25.95
2015-12-18,27.02,25.97
2015-12-17,27.06,26.03
2015-12-16,27.19,26.10
2015-12-15,27.26,26.17
2015-12-14,27.23,26.17
2015-12-13,27.23,26.10
2015-12-12,27.23,26.14
2015-12-11,27.24,26.15
2015-12-10,27.17,26.07
2015-12-09,27.07,26.00
2015-12-08,27.04,25.89
2015-12-07,27.12,25.93
2015-12-06,27.10,25.89
2015-12-05,27.10,25.89
2015-12-04,27.11,25.90
2015-12-03,26.70,25.54
2015-12-02,26.80,25.71
2015-12-01,26.95,25.89
2015-11-30,27.06,25.97
2015-11-29,27.18,26.02
2015-11-28,27.18,26.05
2015-11-27,27.21,26.11
2015-11-26,27.19,26.10
2015-11-25,27.07,26.05
2015-11-24,26.95,25.94
2015-11-23,26.86,25.82
2015-11-22,26.86,25.82
2015-11-21,26.86,25.86
2015-11-20,26.87,25.86
2015-11-19,26.85,25.81
2015-11-18,26.73,25.65
2015-11-17,26.69,25.57
2015-11-16,26.67,25.53
2015-11-15,26.60,25.45
2015-11-14,26.60,25.42
2015-11-13,26.59,25.44
2015-11-12,26.42,25.30
2015-11-11,26.33,25.23
2015-11-10,26.34,25.29
2015-11-09,26.75,25.32
2015-11-08,26.93,25.41
2015-11-07,26.94,25.40
2015-11-06,26.94,25.40
2015-11-05,27.06,25.52
2015-11-04,27.09,25.63
2015-11-03,27.16,25.65
2015-11-02,27.15,25.59
2015-11-01,27.05,25.49
2015-10-31,27.05,25.49
2015-10-30,27.05,25.50
2015-10-29,26.96,25.37
2015-10-28,26.96,25.39
2015-10-27,27.03,25.43
2015-10-26,26.71,25.36
2015-10-25,26.74,25.41
2015-10-24,26.76,25.40
2015-10-23,26.77,25.35
2015-10-22,27.08,25.67
2015-10-21,26.90,25.53
2015-10-20,26.49,25.20
2015-10-19,26.41,25.10
2015-10-18,26.38,24.96
2015-10-17,26.38,25.14
2015-10-16,26.41,25.17
2015-10-15,26.44,25.23
2015-10-14,26.16,24.99
2015-10-13,26.15,24.97
2015-10-12,26.01,24.79
2015-10-11,25.84,24.77
2015-10-10,25.84,24.74
2015-10-09,25.83,24.64
2015-10-08,25.69,24.52
2015-10-07,25.62,24.42
2015-10-06,25.59,24.35
2015-10-05,25.60,24.37
2015-10-04,25.52,24.41
2015-10-03,25.52,24.41
2015-10-02,25.53,24.32
2015-10-01,25.52,24.29
2015-09-30,25.65,24.39
2015-09-29,25.73,24.47
2015-09-28,25.71,24.49
2015-09-27,25.69,24.61
2015-09-26,25.70,24.59
2015-09-25,25.71,24.49
2015-09-24,25.75,24.50
2015-09-23,25.79,24.49
2015-09-22,25.89,24.66
2015-09-21,26.16,24.77
2015-09-20,26.24,24.78
2015-09-19,26.24,24.78
2015-09-18,26.19,24.84
2015-09-17,26.06,24.84
2015-09-16,26.10,24.92
2015-09-15,26.14,24.84
2015-09-14,26.15,24.78
2015-09-13,26.11,24.77
2015-09-12,26.11,24.77
2015-09-11,26.10,24.75
2015-09-10,26.11,24.79
2015-09-09,26.13,24.83
2015-09-08,26.26,24.81
2015-09-07,26.22,24.75
2015-09-06,26.24,24.78
2015-09-05,26.24,24.78
2015-09-04,26.24,24.78
2015-09-03,26.37,24.89
2015-09-02,26.48,25.00
2015-09-01,26.43,25.03
2015-08-31,26.39,24.80
2015-08-30,26.45,24.75
2015-08-29,26.45,24.75
2015-08-28,26.48,24.77
2015-08-27,26.79,25.17
2015-08-26,27.01,25.50
2015-08-25,26.85,25.27
2015-08-24,26.28,24.91
2015-08-23,26.24,24.88
2015-08-22,26.24,24.88
2015-08-21,26.18,24.85
2015-08-20,25.90,24.60
2015-08-19,25.77,24.49
2015-08-18,25.78,24.53
2015-08-17,25.84,24.51
2015-08-16,25.79,24.45
2015-08-15,25.79,24.45
2015-08-14,25.82,24.49
2015-08-13,25.78,24.39
2015-08-12,25.56,24.28
2015-08-11,25.34,24.01
2015-08-10,25.32,23.99
2015-08-09,25.29,23.94
2015-08-08,25.28,23.93
2015-08-07,25.29,23.95
2015-08-06,25.32,23.96
2015-08-05,25.28,23.90
2015-08-04,25.40,23.97
2015-08-03,25.45,23.99
2015-08-02,25.45,23.96
2015-08-01,25.47,23.97
2015-07-31,25.52,24.00
2015-07-30,25.73,24.34
2015-07-29,26.01,24.56
2015-07-28,26.09,24.67
2015-07-27,26.16,24.67
2015-07-26,26.12,24.69
2015-07-25,26.14,24.72
2015-07-24,26.14,24.72
2015-07-23,26.14,24.66
2015-07-22,26.15,24.60
2015-07-21,26.24,24.62
2015-07-20,26.49,24.97
2015-07-19,26.63,25.08
2015-07-18,26.64,25.08
2015-07-17,26.68,25.09
2015-07-16,26.70,25.17
2015-07-15,26.64,25.12
2015-07-14,26.51,25.03
2015-07-13,26.57,25.06
2015-07-12,26.44,24.89
2015-07-11,26.43,24.88
2015-07-10,26.47,24.66
2015-07-09,26.22,24.67
2015-07-08,26.02,24.51
2015-07-07,25.61,24.17
2015-07-06,25.35,23.94
2015-07-05,25.33,24.01
2015-07-04,25.33,24.01
2015-07-03,25.31,24.02
2015-07-02,25.14,23.76
2015-07-01,25.06,23.63
2015-06-30,25.06,23.69
2015-06-29,25.04,23.66
2015-06-28,25.00,23.65
2015-06-27,24.98,23.65
2015-06-26,24.91,23.64
2015-06-25,24.91,23.69
2015-06-24,24.99,23.71
2015-06-23,25.25,23.87
2015-06-22,25.42,23.98
2015-06-21,25.37,23.87
2015-06-20,25.37,23.87
2015-06-19,25.38,23.87
2015-06-18,25.39,23.86
2015-06-17,25.44,23.87
2015-06-16,25.34,23.77
2015-06-15,24.89,23.39
2015-06-14,24.70,23.26
2015-06-13,24.69,23.26
2015-06-12,24.66,23.24
2015-06-11,24.70,23.26
2015-06-10,24.66,23.22
2015-06-09,24.62,23.11
2015-06-08,24.34,22.73
2015-06-07,24.48,22.91
2015-06-06,24.45,22.93
2015-06-05,24.45,22.93
2015-06-04,24.56,23.00
2015-06-03,24.57,22.94
2015-06-02,24.42,22.61
2015-06-01,24.51,22.72
2015-05-31,24.51,22.73
2015-05-30,24.60,22.62
2015-05-29,24.60,22.62
2015-05-28,24.61,22.50
2015-05-27,24.52,22.50
2015-05-26,24.58,22.59
2015-05-25,24.80,22.70
2015-05-24,25.03,22.95
2015-05-23,25.03,22.95
2015-05-22,25.04,22.95
2015-05-21,25.08,22.95
2015-05-20,25.28,23.14
2015-05-19,25.92,23.71
2015-05-18,25.89,23.50
2015-05-17,25.91,23.47
2015-05-16,25.91,23.47
2015-05-15,25.87,23.53
2015-05-14,25.97,23.76
2015-05-13,25.95,23.80
2015-05-12,25.88,23.55
2015-05-11,25.89,23.64
2015-05-10,25.90,23.64
2015-05-09,25.91,23.66
2015-05-08,25.91,23.68
2015-05-07,26.33,23.91
2015-05-06,26.09,23.65
2015-05-05,26.03,23.37
2015-05-04,25.87,23.28
2015-05-03,25.86,23.28
2015-05-02,25.86,23.28
2015-05-01,25.87,23.28
2015-04-30,25.87,23.28
2015-04-29,25.74,23.55
2015-04-28,26.01,24.00
2015-04-27,26.06,23.82
2015-04-26,25.95,23.71
2015-04-25,25.96,23.70
2015-04-24,25.95,23.69
2015-04-23,25.99,23.78
2015-04-22,26.17,23.74
2015-04-21,25.77,23.35
2015-04-20,25.49,22.82
2015-04-19,25.76,23.14
2015-04-18,25.76,23.11
2015-04-17,25.76,23.11
2015-04-16,26.44,24.01
2015-04-15,26.76,24.45
2015-04-14,26.62,24.23
2015-04-13,27.03,24.70
2015-04-12,27.03,24.70
2015-04-11,27.03,24.70
2015-04-10,27.06,24.75
2015-04-09,27.37,25.10
2015-04-08,27.74,25.25
2015-04-07,28.08,25.43
2015-04-06,28.21,25.38
2015-04-05,28.13,25.31
2015-04-04,28.14,25.30
2015-04-03,28.12,25.28
2015-04-02,28.01,25.10
2015-04-01,28.24,25.18
2015-03-31,28.52,25.46
2015-03-30,28.84,25.65
2015-03-29,28.96,25.67
2015-03-28,28.96,25.67
2015-03-27,28.97,25.68
2015-03-26,29.19,25.92
2015-03-25,28.98,25.78
2015-03-24,29.01,25.68
2015-03-23,28.75,25.45
2015-03-22,28.67,25.39
2015-03-21,28.67,25.39
2015-03-20,28.77,25.38
2015-03-19,28.95,25.47
2015-03-18,27.57,24.15
2015-03-17,27.13,23.63
2015-03-16,27.12,23.30
2015-03-15,27.16,23.17
2015-03-14,27.16,23.17
2015-03-13,27.20,23.21
2015-03-12,27.72,23.42
2015-03-11,28.44,23.87
2015-03-10,29.80,24.99
2015-03-09,30.37,25.66
2015-03-08,30.39,25.64
2015-03-07,30.37,25.62
2015-03-06,30.48,25.63
2015-03-05,28.43,24.20
2015-03-04,29.15,24.55
2015-03-03,31.57,26.42
2015-03-02,33.71,28.34
2015-03-01,35.98,30.65
2015-02-28,36.05,30.72
2015-02-27,36.38,31.05
2015-02-26,36.22,29.19
2015-02-25,38.21,33.45
2015-02-24,36.51,32.96
2015-02-23,34.18,31.30
2015-02-22,32.42,30.21
2015-02-21,32.39,30.21
2015-02-20,31.86,29.89
2015-02-19,31.17,29.19
2015-02-18,30.51,28.56
2015-02-17,29.77,27.77
2015-02-16,29.66,27.43
2015-02-15,29.62,27.25
2015-02-14,29.63,27.25
2015-02-13,29.58,27.22
2015-02-12,29.37,26.95
2015-02-11,28.97,26.51
2015-02-10,28.71,26.19
2015-02-09,27.75,25.11
2015-02-08,27.48,24.80
2015-02-07,27.48,24.80
2015-02-06,26.40,24.00
2015-02-05,20.63,19.81
2015-02-04,20.10,19.42
2015-02-03,19.84,19.15
2015-02-02,19.70,19.03
2015-02-01,19.62,18.89
2015-01-31,19.58,18.90
2015-01-30,19.57,18.89
2015-01-29,19.52,18.81
2015-01-28,19.49,18.78
2015-01-27,19.33,18.65
2015-01-26,19.33,18.65
2015-01-25,19.73,18.88
2015-01-24,19.70,18.88
2015-01-23,19.74,18.92
2015-01-22,19.80,19.07
2015-01-21,19.85,19.09
2015-01-20,19.86,19.08
2015-01-19,19.82,19.07
2015-01-18,19.88,19.09
2015-01-17,19.88,19.09
2015-01-16,20.08,19.27
2015-01-15,20.08,19.26
2015-01-14,19.89,19.21
2015-01-13,19.89,19.20
2015-01-12,19.79,19.08
2015-01-11,19.79,19.05
2015-01-10,19.78,19.03
2015-01-09,19.78,19.03
2015-01-08,20.01,19.18
2015-01-07,20.30,19.47
2015-01-06,20.30,19.47
2015-01-05,20.36,19.60
2015-01-04,20.42,19.63
2015-01-03,20.42,19.63
2015-01-02,20.42,19.63
2015-01-01,20.42,19.63
2014-12-31,20.40,19.63
2014-12-30,20.37,19.62
2014-12-29,20.42,19.73
2014-12-28,20.48,19.78
2014-12-27,20.46,19.78
2014-12-26,20.44,19.78
2014-12-25,20.40,19.75
2014-12-24,20.47,19.78
2014-12-23,20.56,19.85
2014-12-22,20.59,19.89
2014-12-21,20.66,19.95
2014-12-20,20.65,19.95
2014-12-19,20.67,19.95
2014-12-18,20.95,20.21
2014-12-17,21.00,20.27
2014-12-16,20.81,20.12
2014-12-15,20.66,19.94
2014-12-14,20.63,19.85
2014-12-13,20.62,19.83
2014-12-12,20.61,19.82
2014-12-11,20.43,19.67
2014-12-10,20.28,19.49
2014-12-09,20.10,19.33
2014-12-08,19.90,19.10
2014-12-07,19.95,19.20
2014-12-06,19.94,19.20
2014-12-05,19.93,19.21
2014-12-04,19.83,19.10
2014-12-03,19.83,19.08
2014-12-02,19.81,19.06
2014-12-01,19.74,18.97
2014-11-30,19.74,18.93
2014-11-29,19.73,18.94
2014-11-28,19.72,18.93
2014-11-27,19.71,18.93
2014-11-26,19.68,18.92
2014-11-25,19.66,18.91
2014-11-24,19.81,18.98
2014-11-23,19.92,19.08
2014-11-22,19.91,19.08
2014-11-21,19.84,19.02
2014-11-20,19.90,19.07
2014-11-19,19.93,19.06
2014-11-18,20.06,19.15
2014-11-17,20.13,19.23
2014-11-16,20.16,19.17
2014-11-15,20.14,19.18
2014-11-14,20.15,19.17
2014-11-13,20.30,19.26
2014-11-12,20.44,19.28
2014-11-11,19.72,18.45
2014-11-10,18.86,17.90
2014-11-09,18.37,17.41
2014-11-08,18.34,17.39
2014-11-07,18.28,17.35
2014-11-06,17.80,16.94
2014-11-05,17.29,16.43
2014-11-04,17.21,16.34
2014-11-03,17.21,16.32
2014-11-02,17.31,16.45
2014-11-01,17.29,16.44
2014-10-31,17.31,16.45
2014-10-30,17.32,16.48
2014-10-29,17.38,16.55
2014-10-28,17.41,16.53
2014-10-27,17.39,16.53
2014-10-26,17.45,16.57
2014-10-25,17.40,16.55
2014-10-24,17.40,16.55
2014-10-23,17.33,16.55
2014-10-22,17.32,16.58
2014-10-21,17.33,16.59
2014-10-20,17.31,16.52
2014-10-19,17.36,16.55
2014-10-18,17.34,16.54
2014-10-17,17.34,16.53
2014-10-16,17.33,16.51
2014-10-15,17.23,16.46
2014-10-14,17.31,16.49
2014-10-13,17.28,16.46
2014-10-12,17.35,16.49
2014-10-11,17.32,16.51
2014-10-10,17.30,16.51
2014-10-09,17.30,16.52
2014-10-08,17.22,16.44
2014-10-07,17.24,16.43
2014-10-06,17.24,16.39
2014-10-05,17.37,16.53
2014-10-04,17.35,16.52
2014-10-03,17.34,16.54
2014-10-02,17.36,16.55
2014-10-01,17.37,16.55
2014-09-30,17.42,16.59
2014-09-29,17.40,16.54
2014-09-28,17.47,16.57
2014-09-27,17.45,16.57
2014-09-26,17.44,16.56
2014-09-25,17.69,16.65
2014-09-24,18.82,17.61
2014-09-23,19.30,17.94
2014-09-22,19.04,17.80
2014-09-21,18.77,17.51
2014-09-20,18.77,17.51
2014-09-19,18.72,17.53
2014-09-18,18.65,17.39
2014-09-17,18.51,17.20
2014-09-16,18.41,17.09
2014-09-15,18.31,17.02
2014-09-14,18.13,16.88
2014-09-13,18.13,16.88
2014-09-12,18.10,16.87
2014-09-11,17.92,16.68
2014-09-10,17.93,16.68
2014-09-09,17.84,16.57
2014-09-08,17.86,16.59
2014-09-07,17.69,16.50
2014-09-06,17.69,16.50
2014-09-05,17.70,16.49
2014-09-04,17.57,16.48
2014-09-03,17.63,16.59
2014-09-02,17.80,16.70
2014-09-01,18.22,17.15
2014-08-31,18.56,17.36
2014-08-30,18.56,17.36
2014-08-29,18.56,17.40
2014-08-28,18.61,17.31
2014-08-27,18.94,17.80
2014-08-26,18.46,17.49
2014-08-25,18.30,17.33
2014-08-24,18.30,17.33
2014-08-23,18.31,17.34
2014-08-22,18.27,17.31
2014-08-21,18.09,17.18
2014-08-20,18.01,17.05
2014-08-19,18.07,17.06
2014-08-18,18.07,17.00
2014-08-17,18.02,16.93
2014-08-16,18.02,16.93
2014-08-15,18.03,16.93
2014-08-14,18.19,17.02
2014-08-13,18.54,17.24
2014-08-12,18.01,16.94
2014-08-11,17.51,16.62
2014-08-10,17.13,16.37
2014-08-09,17.13,16.37
2014-08-08,17.25,16.24
2014-08-07,16.98,16.08
2014-08-06,16.92,15.93
2014-08-05,16.98,15.98
2014-08-04,16.92,15.85
2014-08-03,16.93,15.94
2014-08-02,16.78,16.00
2014-08-01,16.78,16.00
2014-07-31,16.71,15.95
2014-07-30,16.68,15.92
2014-07-29,16.64,15.90
2014-07-28,16.46,15.72
2014-07-26,16.35,15.62
2014-07-25,16.35,15.62
2014-07-24,16.28,15.56
2014-07-23,16.28,15.55
2014-07-22,16.32,15.61
2014-07-21,16.31,15.59
2014-07-19,16.32,15.62
2014-07-18,16.32,15.62
2014-07-17,16.33,15.62
2014-07-16,16.37,15.65
2014-07-15,16.46,15.70
2014-07-14,16.41,15.68
2014-07-12,16.43,15.69
2014-07-11,16.43,15.69
2014-07-10,16.48,15.73
2014-07-09,16.41,15.66
2014-07-08,16.46,15.72
2014-07-07,16.51,15.77
2014-07-05,16.54,15.79
2014-07-04,16.55,15.79
2014-07-03,16.59,15.85
2014-07-02,16.60,15.82
2014-07-01,16.56,15.74
2014-06-30,16.59,15.79
2014-06-28,16.59,15.79
2014-06-27,16.59,15.79
2014-06-26,16.63,15.81
2014-06-25,16.59,15.78
2014-06-24,16.57,15.75
2014-06-23,16.59,15.74
2014-06-21,16.57,15.70
2014-06-20,16.57,15.72
2014-06-19,16.60,15.77
2014-06-18,16.50,15.63
2014-06-17,16.48,15.58
2014-06-16,16.41,15.54
2014-06-14,16.36,15.46
2014-06-13,16.34,15.46
2014-06-12,16.26,15.34
2014-06-11,16.33,15.39
2014-06-10,16.48,15.58
2014-06-09,16.56,15.69
2014-06-07,16.56,15.69
2014-06-06,16.56,15.69
2014-06-05,16.58,15.71
2014-06-04,16.59,15.71
2014-06-03,16.54,15.67
2014-06-02,16.44,15.53
2014-05-31,16.44,15.52
2014-05-30,16.44,15.55
2014-05-29,16.49,15.54
2014-05-28,16.56,15.56
2014-05-27,16.60,15.61
2014-05-26,16.67,15.65
2014-05-24,16.70,15.72
2014-05-23,16.68,15.70
2014-05-22,16.70,15.72
2014-05-21,16.75,15.75
2014-05-20,16.74,15.73
2014-05-19,16.71,15.66
2014-05-17,16.67,15.61
2014-05-16,16.66,15.59
2014-05-15,16.67,15.60
2014-05-14,16.57,15.46
2014-05-13,16.60,15.41
2014-05-12,16.64,15.35
2014-05-10,16.85,15.56
2014-05-09,16.85,15.56
2014-05-08,16.85,15.53
2014-05-07,16.87,15.62
2014-05-06,16.64,15.35
2014-05-05,16.57,15.09
2014-05-03,16.55,15.11
2014-05-02,16.55,15.11
2014-05-01,16.55,15.10
2014-04-30,16.52,15.13
2014-04-29,16.88,15.59
2014-04-28,16.66,15.35
2014-04-26,16.48,15.10
2014-04-25,16.44,15.05
2014-04-24,16.56,15.18
2014-04-23,16.59,15.08
2014-04-22,16.57,14.95
2014-04-21,16.39,14.73
2014-04-19,16.39,14.73
2014-04-18,16.38,14.70
2014-04-17,16.38,14.64
2014-04-16,17.37,15.50
2014-04-15,18.38,16.88
2014-04-14,18.75,17.08
2014-04-12,18.87,17.15
2014-04-11,18.79,17.11
2014-04-10,17.18,16.05
2014-04-09,16.51,15.61
2014-04-08,16.26,15.38
2014-04-07,16.11,15.16
2014-04-05,16.03,15.05
2014-04-04,15.84,14.88
2014-04-03,15.82,14.90
2014-04-02,16.09,15.06
2014-04-01,16.05,15.06
2014-03-31,15.84,14.81
2014-03-29,15.79,14.77
2014-03-28,15.79,14.77
2014-03-27,15.70,14.64
2014-03-26,15.35,14.35
2014-03-25,15.27,14.23
2014-03-24,15.17,14.04
2014-03-22,14.73,13.71
2014-03-21,14.72,13.72
2014-03-20,14.62,13.59
2014-03-19,14.75,13.68
2014-03-18,14.66,13.56
2014-03-17,14.51,13.32
2014-03-15,14.31,13.09
2014-03-14,14.29,13.08
2014-03-13,13.83,12.80
2014-03-12,13.44,12.54
2014-03-11,13.41,12.34
2014-03-10,13.68,12.53
2014-03-08,13.51,12.38
2014-03-07,13.51,12.37
2014-03-06,13.65,12.31
2014-03-05,13.98,12.39
2014-03-04,14.74,13.18
2014-03-03,14.71,12.94
2014-03-01,15.24,13.94
2014-02-28,15.29,14.09
2014-02-27,14.65,13.64
2014-02-26,13.83,13.05
2014-02-25,13.14,12.55
2014-02-24,12.89,12.34
2014-02-22,12.82,12.17
2014-02-21,12.78,12.16
2014-02-20,12.63,12.14
2014-02-19,12.48,12.05
2014-02-18,12.37,11.99
2014-02-17,12.31,11.91
2014-02-15,12.28,11.87
2014-02-14,12.27,11.87
2014-02-13,12.16,11.77
2014-02-12,12.06,11.67
2014-02-11,11.96,11.53
2014-02-10,12.13,11.63
2014-02-08,12.19,11.74
2014-02-07,12.22,11.79
2014-02-06,12.40,11.98
2014-02-05,12.22,11.81
2014-02-04,11.92,11.64
2014-02-03,11.81,11.52
2014-02-01,11.83,11.50
2014-01-31,11.82,11.51
2014-01-30,11.83,11.53
2014-01-29,11.84,11.54
2014-01-28,11.90,11.56
2014-01-27,11.82,11.53
2014-01-25,11.70,11.44
2014-01-24,11.67,11.42
2014-01-23,11.53,11.30
2014-01-22,11.50,11.28
2014-01-21,11.47,11.25
2014-01-20,11.44,11.21
2014-01-18,11.45,11.22
2014-01-17,11.45,11.23
2014-01-16,11.44,11.23
2014-01-15,11.46,11.24
2014-01-14,11.44,11.21
2014-01-13,11.42,11.19
2014-01-11,11.41,11.18
2014-01-10,11.35,11.13
2014-01-09,11.33,11.10
2014-01-08,11.38,11.11
2014-01-07,11.44,11.13
2014-01-06,11.44,11.13
2014-01-04,11.44,11.13
2014-01-03,11.44,11.15
2014-01-02,11.50,11.20
2014-01-01,11.50,11.20
2013-12-31,11.50,11.20
2013-12-30,11.49,11.21
2013-12-28,11.45,11.18
2013-12-27,11.44,11.17
2013-12-26,11.34,11.11
2013-12-25,11.34,11.10
2013-12-24,11.40,11.18
2013-12-23,11.41,11.19
2013-12-21,11.43,11.21
2013-12-20,11.43,11.21
2013-12-19,11.48,11.27
2013-12-18,11.54,11.34
2013-12-17,11.54,11.33
2013-12-16,11.53,11.31
2013-12-14,11.52,11.30
2013-12-13,11.52,11.30
2013-12-12,11.51,11.30
2013-12-11,11.47,11.25
2013-12-10,11.42,11.20
2013-12-09,11.44,11.22
2013-12-07,11.43,11.19
2013-12-06,11.43,11.19
2013-12-05,11.42,11.18
2013-12-04,11.35,11.14
2013-12-03,11.30,11.09
2013-12-02,11.31,11.12
2013-11-30,11.31,11.12
2013-11-29,11.31,11.12
2013-11-28,11.28,11.09
2013-11-27,11.26,11.07
2013-11-26,11.21,11.03
2013-11-25,11.21,11.03
2013-11-23,11.19,10.99
2013-11-22,11.18,10.98
2013-11-21,11.15,10.95
2013-11-20,11.21,11.03
2013-11-19,11.19,11.00
2013-11-18,11.18,10.98
2013-11-16,11.16,10.96
2013-11-15,11.16,10.96
2013-11-14,11.16,10.97
2013-11-13,11.15,10.96
2013-11-12,11.09,10.89
2013-11-11,11.08,10.88
2013-11-09,11.11,10.89
2013-11-08,11.11,10.90
2013-11-07,11.20,11.01
2013-11-06,11.18,10.99
2013-11-05,11.16,10.97
2013-11-04,11.16,10.97
2013-11-02,11.22,11.00
2013-11-01,11.22,11.01
2013-10-31,11.33,11.13
2013-10-30,11.34,11.15
2013-10-29,11.36,11.17
2013-10-28,11.38,11.18
2013-10-26,11.39,11.18
2013-10-25,11.38,11.17
2013-10-24,11.36,11.16
2013-10-23,11.36,11.16
2013-10-22,11.28,11.09
2013-10-21,11.29,11.09
2013-10-19,11.28,11.08
2013-10-18,11.28,11.08
2013-10-17,11.19,10.99
2013-10-16,11.17,10.97
2013-10-15,11.21,11.01
2013-10-14,11.20,11.00
2013-10-12,11.18,10.99
2013-10-11,11.18,10.98
2013-10-10,11.15,10.96
2013-10-09,11.22,11.02
2013-10-08,11.21,11.02
2013-10-07,11.23,11.03
2013-10-05,11.26,11.05
2013-10-04,11.26,11.06
2013-10-03,11.24,11.03
2013-10-02,11.18,10.99
2013-10-01,11.17,10.97
2013-09-30,11.15,10.95
2013-09-28,11.15,10.94
2013-09-27,11.15,10.94
2013-09-26,11.16,10.95
2013-09-25,11.12,10.92
2013-09-24,11.15,10.94
2013-09-23,11.17,10.96
2013-09-21,11.18,10.96
2013-09-20,11.17,10.97
2013-09-19,11.16,10.94
2013-09-18,11.02,10.83
2013-09-17,11.00,10.81
2013-09-16,11.00,10.81
2013-09-14,10.95,10.75
2013-09-13,10.94,10.75
2013-09-12,10.96,10.76
2013-09-11,10.92,10.72
2013-09-10,10.92,10.72
2013-09-09,10.85,10.66
2013-09-07,10.83,10.64
2013-09-06,10.83,10.64
2013-09-05,10.82,10.64
2013-09-04,10.80,10.62
2013-09-03,10.81,10.62
2013-09-02,10.82,10.64
2013-08-31,10.85,10.65
2013-08-30,10.85,10.66
2013-08-29,10.91,10.72
2013-08-28,10.95,10.76
2013-08-27,10.95,10.74
2013-08-26,10.93,10.73
2013-08-24,10.93,10.73
2013-08-23,10.93,10.73
2013-08-22,10.94,10.75
2013-08-21,10.98,10.79
2013-08-20,10.92,10.74
2013-08-19,10.90,10.71
2013-08-17,10.90,10.70
2013-08-16,10.89,10.70
2013-08-15,10.86,10.67
2013-08-14,10.85,10.66
2013-08-13,10.88,10.69
2013-08-12,10.90,10.72
2013-08-10,10.93,10.74
2013-08-09,10.93,10.74
2013-08-08,10.91,10.72
2013-08-07,10.86,10.69
2013-08-06,10.84,10.67
2013-08-05,10.86,10.68
2013-08-03,10.81,10.64
2013-08-02,10.81,10.63
2013-08-01,10.84,10.67
2013-07-31,10.83,10.66
2013-07-30,10.84,10.66
2013-07-29,10.85,10.67
2013-07-27,10.84,10.66
2013-07-26,10.85,10.65
2013-07-25,10.81,10.63
2013-07-24,10.81,10.61
2013-07-23,10.80,10.61
2013-07-22,10.78,10.57
2013-07-20,10.76,10.56
2013-07-19,10.76,10.56
2013-07-18,10.74,10.55
2013-07-17,10.76,10.57
2013-07-16,10.71,10.52
2013-07-15,10.72,10.52
2013-07-13,10.73,10.53
2013-07-12,10.73,10.53
2013-07-11,10.70,10.47
2013-07-10,10.51,10.32
2013-07-09,10.56,10.37
2013-07-08,10.53,10.34
2013-07-06,10.59,10.40
2013-07-05,10.59,10.40
2013-07-04,10.65,10.46
2013-07-03,10.65,10.46
2013-07-02,10.69,10.51
2013-07-01,10.69,10.48
2013-06-29,10.67,10.48
2013-06-28,10.67,10.48
2013-06-27,10.67,10.48
2013-06-26,10.72,10.52
2013-06-25,10.78,10.58
2013-06-24,10.86,10.67
2013-06-22,10.86,10.67
2013-06-21,10.86,10.67
2013-06-20,10.90,10.71
2013-06-19,10.97,10.77
2013-06-18,10.94,10.74
2013-06-17,10.93,10.72
2013-06-15,10.93,10.72
2013-06-14,10.93,10.72
2013-06-13,10.92,10.71
2013-06-12,10.89,10.69
2013-06-11,10.85,10.65
2013-06-10,10.81,10.61
2013-06-08,10.82,10.60
2013-06-07,10.82,10.60
2013-06-06,10.73,10.53
2013-06-05,10.70,10.50
2013-06-04,10.67,10.47
2013-06-03,10.65,10.44
2013-06-01,10.64,10.43
2013-05-31,10.66,10.45
2013-05-30,10.61,10.41
2013-05-29,10.56,10.36
2013-05-28,10.60,10.40
2013-05-27,10.60,10.39
2013-05-25,10.62,10.41
2013-05-24,10.62,10.41
2013-05-23,10.57,10.36
2013-05-22,10.57,10.38
2013-05-21,10.56,10.36
2013-05-20,10.53,10.33
2013-05-18,10.54,10.33
2013-05-17,10.56,10.36
2013-05-16,10.56,10.36
2013-05-15,10.60,10.40
2013-05-14,10.63,10.43
2013-05-13,10.65,10.41
2013-05-11,10.69,10.49
2013-05-10,10.69,10.49
2013-05-09,10.69,10.49
2013-05-08,10.69,10.49
2013-05-07,10.71,10.48
2013-05-06,10.71,10.52
2013-05-04,10.71,10.52
2013-05-03,10.71,10.52
2013-05-02,10.71,10.52
2013-05-01,10.71,10.52
2013-04-30,10.71,10.52
2013-04-29,10.66,10.47
2013-04-27,10.68,10.48
2013-04-26,10.68,10.48
2013-04-25,10.67,10.47
2013-04-24,10.66,10.47
2013-04-23,10.68,10.48
2013-04-22,10.71,10.51
2013-04-20,10.70,10.50
2013-04-19,10.70,10.50
2013-04-18,10.70,10.51
2013-04-17,10.76,10.56
2013-04-16,10.69,10.49
2013-04-15,10.71,10.50
2013-04-13,10.72,10.53
2013-04-12,10.72,10.53
2013-04-11,10.71,10.51
2013-04-10,10.70,10.51
2013-04-09,10.66,10.48
2013-04-08,10.62,10.43
2013-04-06,10.58,10.37
2013-04-05,10.58,10.37
2013-04-04,10.53,10.34
2013-04-03,10.51,10.32
2013-04-02,10.52,10.32
2013-04-01,10.49,10.29
2013-03-30,10.48,10.29
2013-03-29,10.48,10.29
2013-03-28,10.48,10.29
2013-03-27,10.54,10.36
2013-03-26,10.56,10.37
2013-03-25,10.65,10.44
2013-03-23,10.58,10.37
2013-03-22,10.58,10.37
2013-03-21,10.59,10.39
2013-03-20,10.57,10.37
2013-03-19,10.61,10.41
2013-03-18,10.62,10.42
2013-03-16,10.64,10.45
2013-03-15,10.64,10.45
2013-03-14,10.61,10.43
2013-03-13,10.66,10.48
2013-03-12,10.65,10.45
2013-03-11,10.65,10.45
2013-03-09,10.65,10.45
2013-03-08,10.65,10.45
2013-03-07,10.65,10.45
2013-03-06,10.70,10.51
2013-03-05,10.68,10.48
2013-03-04,10.67,10.47
2013-03-02,10.72,10.53
2013-03-01,10.72,10.53
2013-02-28,10.75,10.56
2013-02-27,10.71,10.51
2013-02-26,10.74,10.54
2013-02-25,10.81,10.60
2013-02-23,10.82,10.62
2013-02-22,10.82,10.62
2013-02-21,10.87,10.67
2013-02-20,10.94,10.75
2013-02-19,10.91,10.71
2013-02-18,10.90,10.69
2013-02-16,10.92,10.71
2013-02-15,10.92,10.71
2013-02-14,10.96,10.75
2013-02-13,10.98,10.77
2013-02-12,10.95,10.72
2013-02-11,10.95,10.73
2013-02-09,11.01,10.79
2013-02-08,11.01,10.79
2013-02-07,11.10,10.89
2013-02-06,11.12,10.90
2013-02-05,11.07,10.87
2013-02-04,11.15,10.94
2013-02-03,11.14,10.93
2013-02-02,10.95,10.95
2013-02-01,10.95,10.95
2013-01-31,10.80,10.80
2013-01-30,10.93,10.82
2013-01-29,10.95,10.82
2013-01-28,10.96,10.80
2013-01-26,10.93,10.76
2013-01-25,10.93,10.76
2013-01-24,10.90,10.74
2013-01-23,10.89,10.72
2013-01-22,10.90,10.74
2013-01-21,10.89,10.71
2013-01-19,10.94,10.75
2013-01-18,10.94,10.75
2013-01-17,10.86,10.69
2013-01-16,10.87,10.69
2013-01-15,10.92,10.73
2013-01-14,10.91,10.67
2013-01-12,10.82,10.56
2013-01-11,10.82,10.56
2013-01-10,10.65,10.44
2013-01-09,10.63,10.42
2013-01-08,10.64,10.39
2013-01-07,10.60,10.36
2013-01-05,10.60,10.36
2013-01-04,10.60,10.37
2013-01-03,10.73,10.45
2013-01-02,10.77,10.46
2013-01-01,10.76,10.46
2012-12-31,10.76,10.46
2012-12-29,10.76,10.47
2012-12-28,10.75,10.51
2012-12-27,10.70,10.50
2012-12-26,10.65,10.45
2012-12-25,10.68,10.47
2012-12-24,10.71,10.51
2012-12-22,10.75,10.56
2012-12-21,10.75,10.56
2012-12-20,10.77,10.57
2012-12-19,10.77,10.58
2012-12-18,10.72,10.54
2012-12-17,10.72,10.52
2012-12-15,10.69,10.50
2012-12-14,10.69,10.50
2012-12-13,10.68,10.48
2012-12-12,10.62,10.44
2012-12-11,10.61,10.41
2012-12-10,10.62,10.43
2012-12-08,10.69,10.50
2012-12-07,10.69,10.50
2012-12-06,10.75,10.56
2012-12-05,10.77,10.58
2012-12-04,10.72,10.53
2012-12-03,10.71,10.51
2012-12-01,10.70,10.50
2012-11-30,10.70,10.50
2012-11-29,10.65,10.45
2012-11-28,10.64,10.45
2012-11-27,10.67,10.48
2012-11-26,10.64,10.44
2012-11-24,10.62,10.42
2012-11-23,10.62,10.42
2012-11-22,10.59,10.39
2012-11-21,10.58,10.38
2012-11-20,10.61,10.40
2012-11-19,10.61,10.41
2012-11-17,10.63,10.41
2012-11-16,10.63,10.41
2012-11-15,10.64,10.43
2012-11-14,10.63,10.41
2012-11-13,10.53,10.32
2012-11-12,10.55,10.34
2012-11-10,10.57,10.36
2012-11-09,10.57,10.36
2012-11-08,10.57,10.36
2012-11-07,10.63,10.43
2012-11-06,10.60,10.40
2012-11-05,10.66,10.44
2012-11-03,10.69,10.48
2012-11-02,10.69,10.49
2012-11-01,10.72,10.53
2012-10-31,10.73,10.52
2012-10-30,10.70,10.49
2012-10-29,10.70,10.49
2012-10-27,10.71,10.51
2012-10-26,10.71,10.51
2012-10-25,10.74,10.53
2012-10-24,10.69,10.49
2012-10-23,10.74,10.55
2012-10-22,10.74,10.54
2012-10-20,10.75,10.55
2012-10-19,10.75,10.55
2012-10-18,10.75,10.55
2012-10-17,10.73,10.54
2012-10-16,10.65,10.47
2012-10-15,10.60,10.42
2012-10-13,10.61,10.42
2012-10-12,10.61,10.42
2012-10-11,10.57,10.39
2012-10-10,10.57,10.39
2012-10-09,10.63,10.45
2012-10-08,10.66,10.46
2012-10-06,10.66,10.46
2012-10-05,10.66,10.46
2012-10-04,10.60,10.41
2012-10-03,10.59,10.40
2012-10-02,10.58,10.39
2012-10-01,10.55,10.36
2012-09-29,10.59,10.38
2012-09-28,10.59,10.38
2012-09-27,10.57,10.36
2012-09-26,10.57,10.38
2012-09-25,10.60,10.39
2012-09-24,10.63,10.42
2012-09-22,10.64,10.43
2012-09-21,10.64,10.43
2012-09-20,10.66,10.45
2012-09-19,10.70,10.50
2012-09-18,10.72,10.52
2012-09-17,10.74,10.52
2012-09-15,10.64,10.40
2012-09-14,10.64,10.40
2012-09-13,10.56,10.36
2012-09-12,10.50,10.30
2012-09-11,10.43,10.24
2012-09-10,10.44,10.24
2012-09-08,10.36,10.16
2012-09-07,10.36,10.16
2012-09-06,10.40,10.18
2012-09-05,10.35,10.15
2012-09-04,10.32,10.15
2012-09-03,10.27,10.11
2012-09-01,10.22,10.05
2012-08-31,10.22,10.05
2012-08-30,10.24,10.05
2012-08-29,10.24,10.05
2012-08-28,10.19,10.01
2012-08-27,10.22,10.03
2012-08-25,10.20,10.00
2012-08-24,10.20,10.00
2012-08-23,10.20,10.00
2012-08-22,10.16,9.96
2012-08-21,10.06,9.89
2012-08-20,10.06,9.89
2012-08-18,10.05,9.88
2012-08-17,10.05,9.88
2012-08-16,10.01,9.84
2012-08-15,10.05,9.87
2012-08-14,10.06,9.89
2012-08-13,10.02,9.84
2012-08-12,10.04,9.86
2012-08-11,10.04,9.86
2012-08-10,10.04,9.86
2012-08-09,10.07,9.89
2012-08-08,10.10,9.92
2012-08-07,10.09,9.91
2012-08-06,10.09,9.88
2012-08-04,9.96,9.78
2012-08-03,9.96,9.78
2012-08-02,10.01,9.83
2012-08-01,10.03,9.85
2012-07-31,10.01,9.83
2012-07-30,10.02,9.82
2012-07-27,10.01,9.82
2012-07-26,9.89,9.72
2012-07-25,9.85,9.66
2012-07-24,9.90,9.71
2012-07-23,9.92,9.71
2012-07-21,10.01,9.83
2012-07-20,10.01,9.83
2012-07-19,10.03,9.83
2012-07-18,10.03,9.84
2012-07-17,10.03,9.83
2012-07-16,10.01,9.81
2012-07-14,10.00,9.80
2012-07-13,10.00,9.80
2012-07-12,10.04,9.83
2012-07-11,10.05,9.84
2012-07-10,10.08,9.87
2012-07-09,10.09,9.86
2012-07-07,10.14,9.89
2012-07-06,10.15,9.91
2012-07-05,10.26,10.05
2012-07-04,10.29,10.08
2012-07-03,10.28,10.07
2012-07-02,10.29,10.04
2012-06-30,10.23,10.00
2012-06-29,10.23,10.00
2012-06-28,10.23,10.00
2012-06-27,10.23,10.00
2012-06-26,10.22,10.00
2012-06-25,10.26,10.04
2012-06-23,10.29,10.07
2012-06-22,10.29,10.07
2012-06-21,10.35,10.14
2012-06-20,10.34,10.11
2012-06-19,10.30,10.08
2012-06-18,10.38,10.15
2012-06-16,10.34,10.12
2012-06-15,10.34,10.12
2012-06-14,10.31,10.09
2012-06-13,10.23,10.02
2012-06-12,10.23,10.01
2012-06-11,10.26,10.04
2012-06-09,10.22,10.00
2012-06-08,10.22,10.00
2012-06-07,10.23,10.02
2012-06-06,10.19,9.97
2012-06-05,10.20,9.95
2012-06-04,10.09,9.88
2012-06-02,10.09,9.88
2012-06-01,10.09,9.89
2012-05-31,10.13,9.93
2012-05-30,10.19,9.99
2012-05-29,10.23,10.04
2012-05-28,10.26,10.05
2012-05-26,10.24,10.03
2012-05-25,10.24,10.03
2012-05-24,10.25,10.05
2012-05-23,10.32,10.13
2012-05-22,10.36,10.17
2012-05-21,10.36,10.14
2012-05-19,10.30,10.08
2012-05-18,10.30,10.08
2012-05-17,10.34,10.15
2012-05-16,10.34,10.15
2012-05-15,10.42,10.23
2012-05-14,10.47,10.26
2012-05-12,10.46,10.28
2012-05-11,10.46,10.28
2012-05-10,10.53,10.30
2012-05-09,10.56,10.36
2012-05-08,10.56,10.35
2012-05-07,10.59,10.36
2012-05-05,10.63,10.43
2012-05-04,10.63,10.43
2012-05-03,10.70,10.46
2012-05-02,10.70,10.46
2012-05-01,10.70,10.46
2012-04-30,10.70,10.46
2012-04-28,10.70,10.46
2012-04-27,10.67,10.46
2012-04-26,10.67,10.46
2012-04-25,10.66,10.45
2012-04-24,10.64,10.43
2012-04-23,10.67,10.45
2012-04-21,10.61,10.42
2012-04-20,10.61,10.42
2012-04-19,10.60,10.40
2012-04-18,10.61,10.40
2012-04-17,10.62,10.39
2012-04-16,10.65,10.42
2012-04-14,10.65,10.42
2012-04-13,10.64,10.43
2012-04-12,10.62,10.42
2012-04-11,10.60,10.39
2012-04-10,10.61,10.39
2012-04-09,10.59,10.37
2012-04-07,10.59,10.39
2012-04-06,10.59,10.39
2012-04-05,10.65,10.45
2012-04-04,10.70,10.50
2012-04-03,10.77,10.57
2012-04-02,10.81,10.57
2012-03-31,10.78,10.53
2012-03-30,10.78,10.56
2012-03-29,10.77,10.56
2012-03-28,10.78,10.57
2012-03-27,10.78,10.56
2012-03-26,10.72,10.50
2012-03-23,10.68,10.47
2012-03-22,10.72,10.51
2012-03-21,10.72,10.52
2012-03-20,10.69,10.48
2012-03-19,10.65,10.43
2012-03-16,10.58,10.37
2012-03-15,10.56,10.36
2012-03-14,10.58,10.37
2012-03-13,10.65,10.43
2012-03-12,10.64,10.37
2012-03-09,10.65,10.43
2012-03-08,10.65,10.43
2012-03-07,10.65,10.43
2012-03-06,10.70,10.50
2012-03-05,10.70,10.48
2012-03-02,10.76,10.54
2012-03-01,10.79,10.58
2012-02-29,10.85,10.64
2012-02-28,10.82,10.60
2012-02-27,10.84,10.62
2012-02-24,10.77,10.54
2012-02-23,10.70,10.48
2012-02-22,10.70,10.47
2012-02-21,10.72,10.49
2012-02-20,10.68,10.45
2012-02-17,10.61,10.38
2012-02-16,10.59,10.36
2012-02-15,10.68,10.46
2012-02-14,10.68,10.45
2012-02-13,10.72,10.49
2012-02-10,10.75,10.52
2012-02-09,10.76,10.52
2012-02-08,10.72,10.48
2012-02-07,10.62,10.38
2012-02-06,10.63,10.39
2012-02-03,10.67,10.43
2012-02-02,10.67,10.43
2012-02-01,10.62,10.37
2012-01-31,10.67,10.41
2012-01-30,10.67,10.40
2012-01-27,10.64,10.38
2012-01-26,10.62,10.35
2012-01-25,10.57,10.31
2012-01-24,10.56,10.30
2012-01-23,10.48,10.22
2012-01-20,10.52,10.25
2012-01-19,10.44,10.18
2012-01-18,10.38,10.12
2012-01-17,10.33,10.08
2012-01-16,10.32,10.07
2012-01-13,10.41,10.17
2012-01-12,10.35,10.09
2012-01-11,10.40,10.13
2012-01-10,10.41,10.13
2012-01-09,10.44,10.15
2012-01-06,10.45,10.16
2012-01-05,10.53,10.24
2012-01-04,10.54,10.26
2012-01-03,10.53,10.22
2012-01-02,10.51,10.22
2011-12-30,10.51,10.23
2011-12-29,10.52,10.26
2011-12-28,10.57,10.34
2011-12-27,10.58,10.34
2011-12-26,10.58,10.33
2011-12-23,10.58,10.34
2011-12-22,10.59,10.34
2011-12-21,10.62,10.37
2011-12-20,10.52,10.28
2011-12-19,10.55,10.30
2011-12-16,10.53,10.28
2011-12-15,10.53,10.27
2011-12-14,10.60,10.35
2011-12-13,10.71,10.46
2011-12-12,10.79,10.54
2011-12-09,10.79,10.53
2011-12-08,10.83,10.59
2011-12-07,10.85,10.60
2011-12-06,10.85,10.60
2011-12-05,10.89,10.64
2011-12-02,10.91,10.67
2011-12-01,10.88,10.64
2011-11-30,10.81,10.55
2011-11-29,10.84,10.58
2011-11-28,10.80,10.54
2011-11-25,10.82,10.56
2011-11-24,10.88,10.61
2011-11-23,10.95,10.68
2011-11-22,10.94,10.69
2011-11-21,10.98,10.72
2011-11-18,10.96,10.69
2011-11-17,10.99,10.70
2011-11-16,10.96,10.68
2011-11-15,11.07,10.80
2011-11-14,11.14,10.87
2011-11-11,11.07,10.80
2011-11-10,11.05,10.76
2011-11-09,11.21,10.94
2011-11-08,11.18,10.91
2011-11-07,11.19,10.91
2011-11-04,11.20,10.95
2011-11-03,11.14,10.88
2011-11-02,11.14,10.86
2011-11-01,11.26,10.98
2011-10-31,11.41,11.13
2011-10-28,11.49,11.21
2011-10-27,11.35,11.08
2011-10-26,11.29,11.02
2011-10-25,11.28,11.01
2011-10-24,11.26,10.98
2011-10-21,11.20,10.93
2011-10-20,11.17,10.90
2011-10-19,11.20,10.92
2011-10-18,11.20,10.93
2011-10-17,11.25,10.97
2011-10-14,11.20,10.93
2011-10-13,11.19,10.93
2011-10-12,11.07,10.81
2011-10-11,11.06,10.79
2011-10-10,10.97,10.68
2011-10-07,10.91,10.66
2011-10-06,10.86,10.62
2011-10-05,10.83,10.58
2011-10-04,10.81,10.55
2011-10-03,10.92,10.65
2011-09-30,11.03,10.77
2011-09-29,11.06,10.80
2011-09-28,11.04,10.77
2011-09-27,11.01,10.73
2011-09-26,10.94,10.67
2011-09-23,10.99,10.71
2011-09-22,11.04,10.79
2011-09-21,11.11,10.87
2011-09-20,11.07,10.82
2011-09-19,11.16,10.91
2011-09-16,11.20,10.96
2011-09-15,11.12,10.87
2011-09-14,11.09,10.82
2011-09-13,11.10,10.82
2011-09-12,11.11,10.81
2011-09-09,11.29,11.05
2011-09-08,11.40,11.16
2011-09-07,11.42,11.17
2011-09-06,11.41,11.18
2011-09-05,11.49,11.25
2011-09-02,11.54,11.30
2011-09-01,11.61,11.39
2011-08-31,11.64,11.40
2011-08-30,11.69,11.47
2011-08-29,11.69,11.43
2011-08-26,11.62,11.39
2011-08-25,11.62,11.38
2011-08-24,11.60,11.37
2011-08-23,11.60,11.37
2011-08-22,11.59,11.35
2011-08-19,11.55,11.32
2011-08-18,11.62,11.39
2011-08-17,11.61,11.37
2011-08-16,11.60,11.36
2011-08-15,11.51,11.28
2011-08-12,11.46,11.22
2011-08-11,11.47,11.24
2011-08-10,11.52,11.30
2011-08-09,11.45,11.23
2011-08-08,11.50,11.24
2011-08-05,11.40,11.18
2011-08-04,11.51,11.30
2011-08-03,11.45,11.24
2011-08-02,11.52,11.30
2011-08-01,11.57,11.32
2011-07-29,11.53,11.30
2011-07-28,11.58,11.36
2011-07-27,11.66,11.43
2011-07-26,11.63,11.41
2011-07-25,11.56,11.33
2011-07-22,11.55,11.33
2011-07-21,11.47,11.27
2011-07-20,11.40,11.20
2011-07-19,11.36,11.13
2011-07-18,11.37,11.14
2011-07-15,11.42,11.20
2011-07-14,11.40,11.17
2011-07-13,11.29,11.05
2011-07-12,11.32,11.07
2011-07-11,11.46,11.23
2011-07-08,11.52,11.28
2011-07-07,11.53,11.31
2011-07-06,11.62,11.40
2011-07-05,11.64,11.43
2011-07-04,11.67,11.44
2011-07-01,11.64,11.43
2011-06-30,11.63,11.42
2011-06-29,11.55,11.28
2011-06-28,11.47,11.22
2011-06-27,11.47,11.22
2011-06-24,11.50,11.28
2011-06-23,11.53,11.32
2011-06-22,11.59,11.35
2011-06-21,11.53,11.30
2011-06-20,11.47,11.25
2011-06-17,11.42,11.19
2011-06-16,11.45,11.21
2011-06-15,11.62,11.39
2011-06-14,11.65,11.41
2011-06-13,11.70,11.44
2011-06-10,11.71,11.46
2011-06-09,11.77,11.54
2011-06-08,11.80,11.56
2011-06-07,11.75,11.52
2011-06-06,11.73,11.49
2011-06-03,11.63,11.41
2011-06-02,11.58,11.36
2011-06-01,11.59,11.37
2011-05-31,11.53,11.32
2011-05-30,11.47,11.24
2011-05-27,11.43,11.21
2011-05-26,11.39,11.16
2011-05-25,11.34,11.12
2011-05-24,11.33,11.10
2011-05-23,11.39,11.16
2011-05-20,11.49,11.27
2011-05-19,11.47,11.25
2011-05-18,11.45,11.23
2011-05-17,11.40,11.19
2011-05-16,11.41,11.18
2011-05-13,11.44,11.21
2011-05-12,11.47,11.24
2011-05-11,11.54,11.31
2011-05-10,11.57,11.30
2011-05-09,11.84,11.51
2011-05-06,11.85,11.53
2011-05-05,11.98,11.72
2011-05-04,11.96,11.66
2011-05-03,11.95,11.67
2011-05-02,11.95,11.67
2011-04-29,11.95,11.68
2011-04-28,11.92,11.63
2011-04-27,11.73,11.50
2011-04-26,11.67,11.43
2011-04-25,11.67,11.45
2011-04-22,11.67,11.45
2011-04-21,11.68,11.45
2011-04-20,11.50,11.31
2011-04-19,11.44,11.23
2011-04-18,11.54,11.34
2011-04-15,11.58,11.38
2011-04-14,11.60,11.41
2011-04-13,11.60,11.41
2011-04-12,11.55,11.36
2011-04-11,11.57,11.37
2011-04-08,11.50,11.31
2011-04-07,11.47,11.27
2011-04-06,11.40,11.22
2011-04-05,11.39,11.21
2011-04-04,11.37,11.18
2011-04-01,11.36,11.17
2011-03-31,11.32,11.14
2011-03-30,11.30,11.12
2011-03-29,11.30,11.12
2011-03-28,11.31,11.12
2011-03-25,11.35,11.15
2011-03-24,11.32,11.14
2011-03-23,11.36,11.16
2011-03-22,11.38,11.17
2011-03-21,11.34,11.13
2011-03-18,11.25,11.06
2011-03-17,11.16,10.99
2011-03-16,11.17,10.98
2011-03-15,11.14,10.96
2011-03-14,11.12,10.92
2011-03-11,11.05,10.86
2011-03-10,11.09,10.92
2011-03-09,11.14,10.93
2011-03-08,11.13,10.95
2011-03-07,11.13,10.95
2011-03-04,11.13,10.95
2011-03-03,11.08,10.90
2011-03-02,11.04,10.86
2011-03-01,11.04,10.86
2011-02-28,11.02,10.83
2011-02-25,11.02,10.84
2011-02-24,11.00,10.81
2011-02-23,10.97,10.76
2011-02-22,10.93,10.73
2011-02-21,10.95,10.75
2011-02-18,10.91,10.70
2011-02-17,10.87,10.66
2011-02-16,10.88,10.66
2011-02-15,10.85,10.63
2011-02-14,10.90,10.67
2011-02-11,10.92,10.71
2011-02-10,10.99,10.78
2011-02-09,10.95,10.75
2011-02-08,10.94,10.72
2011-02-07,10.94,10.71
2011-02-04,10.97,10.75
2011-02-03,11.08,10.87
2011-02-02,11.09,10.89
2011-02-01,11.02,10.80
2011-01-31,10.97,10.76
2011-01-28,11.02,10.81
2011-01-27,11.02,10.81
2011-01-26,11.00,10.77
2011-01-25,10.97,10.74
2011-01-24,10.93,10.70
2011-01-21,10.87,10.64
2011-01-20,10.87,10.64
2011-01-19,10.86,10.61
2011-01-18,10.78,10.53
2011-01-17,10.79,10.52
2011-01-14,10.77,10.50
2011-01-13,10.62,10.36
2011-01-12,10.50,10.25
2011-01-11,10.46,10.21
2011-01-10,10.52,10.24
2011-01-07,10.68,10.40
2011-01-06,10.68,10.40
2011-01-05,10.73,10.45
2011-01-04,10.75,10.44
2011-01-03,10.74,10.43
2010-12-31,10.73,10.43
2010-12-30,10.64,10.38
2010-12-29,10.56,10.33
2010-12-28,10.64,10.38
2010-12-27,10.55,10.32
2010-12-24,10.54,10.31
2010-12-23,10.56,10.32
2010-12-22,10.65,10.39
2010-12-21,10.67,10.40
2010-12-20,10.71,10.44
2010-12-17,10.75,10.48
2010-12-16,10.75,10.49
2010-12-15,10.78,10.52
2010-12-14,10.80,10.54
2010-12-13,10.74,10.48
2010-12-10,10.75,10.50
2010-12-09,10.75,10.49
2010-12-08,10.76,10.50
2010-12-07,10.79,10.53
2010-12-06,10.80,10.53
2010-12-03,10.74,10.47
2010-12-02,10.61,10.36
2010-12-01,10.56,10.31
2010-11-30,10.68,10.39
2010-11-29,10.76,10.47
2010-11-26,10.80,10.52
2010-11-25,10.81,10.53
2010-11-24,10.86,10.59
2010-11-23,10.96,10.71
2010-11-22,11.03,10.78
2010-11-19,10.98,10.74
2010-11-18,10.93,10.67
2010-11-17,10.93,10.67
2010-11-16,10.99,10.74
2010-11-15,11.04,10.78
2010-11-12,11.04,10.77
2010-11-11,11.10,10.86
2010-11-10,11.13,10.91
2010-11-09,11.17,10.96
2010-11-08,11.27,11.02
2010-11-05,11.38,11.13
2010-11-04,11.30,11.07
2010-11-03,11.24,11.03
2010-11-02,11.18,10.96
2010-11-01,11.19,10.95
2010-10-29,11.16,10.92
2010-10-28,11.12,10.89
2010-10-27,11.15,10.92
2010-10-26,11.22,10.99
2010-10-25,11.22,10.97
2010-10-22,11.23,10.98
2010-10-21,11.18,10.93
2010-10-20,11.12,10.90
2010-10-19,11.19,10.97
2010-10-18,11.24,10.99
2010-10-15,11.27,11.05
2010-10-14,11.22,10.99
2010-10-13,11.17,10.93
2010-10-12,11.17,10.93
2010-10-11,11.19,10.95
2010-10-10,11.18,10.94
2010-10-08,11.19,10.94
2010-10-07,11.15,10.91
2010-10-06,11.08,10.84
2010-10-05,11.00,10.75
2010-10-04,11.02,10.77
2010-10-01,10.93,10.69
2010-09-30,10.91,10.66
2010-09-29,10.86,10.60
2010-09-28,10.82,10.56
2010-09-27,10.81,10.54
2010-09-24,10.72,10.45
2010-09-23,10.75,10.48
2010-09-22,10.62,10.35
2010-09-21,10.47,10.25
2010-09-20,10.46,10.23
2010-09-17,10.46,10.23
2010-09-16,10.39,10.17
2010-09-15,10.34,10.12
2010-09-14,10.26,10.06
2010-09-13,10.20,9.99
2010-09-10,10.18,9.97
2010-09-09,10.20,9.97
2010-09-08,10.20,10.00
2010-09-07,10.25,10.06
2010-09-06,10.25,10.04
2010-09-03,10.21,10.01
2010-09-02,10.18,9.99
2010-09-01,10.10,9.91
2010-08-31,10.10,9.90
2010-08-30,10.13,9.92
2010-08-27,10.12,9.91
2010-08-26,10.10,9.88
2010-08-25,10.10,9.88
2010-08-24,10.15,9.92
2010-08-23,10.15,9.92
2010-08-20,10.21,10.01
2010-08-19,10.22,10.01
2010-08-18,10.22,10.02
2010-08-17,10.22,10.01
2010-08-16,10.23,9.96
2010-08-13,10.24,9.99
2010-08-12,10.31,10.08
2010-08-11,10.42,10.20
2010-08-10,10.47,10.26
2010-08-09,10.48,10.27
2010-08-06,10.45,10.25
2010-08-05,10.44,10.24
2010-08-04,10.47,10.26
2010-08-03,10.42,10.22
2010-08-02,10.34,10.14
2010-07-30,10.36,10.15
2010-07-29,10.32,10.11
2010-07-28,10.33,10.12
2010-07-27,10.29,10.08
2010-07-26,10.24,10.03
2010-07-23,10.21,10.02
2010-07-22,10.17,9.99
2010-07-21,10.22,10.03
2010-07-20,10.25,10.05
2010-07-19,10.24,10.02
2010-07-16,10.20,9.99
2010-07-15,10.08,9.89
2010-07-14,10.03,9.84
2010-07-13,10.00,9.80
2010-07-12,10.03,9.81
2010-07-09,10.06,9.85
2010-07-08,10.02,9.79
2010-07-07,10.00,9.77
2010-07-06,9.98,9.74
2010-07-05,9.98,9.73
2010-07-02,9.91,9.66
2010-07-01,9.79,9.53
2010-06-30,9.78,9.52
2010-06-29,9.82,9.56
2010-06-28,9.83,9.58
2010-06-25,9.82,9.59
2010-06-24,9.82,9.58
2010-06-23,9.81,9.57
2010-06-22,9.85,9.62
2010-06-21,9.88,9.63
2010-06-18,9.87,9.61
2010-06-17,9.81,9.56
2010-06-16,9.82,9.57
2010-06-15,9.78,9.53
2010-06-14,9.72,9.46
2010-06-11,9.69,9.40
2010-06-10,9.59,9.34
2010-06-09,9.56,9.31
2010-06-08,9.57,9.31
2010-06-07,9.72,9.40
2010-06-04,9.82,9.55
2010-06-03,9.83,9.57
2010-06-02,9.83,9.54
2010-06-01,9.86,9.58
2010-05-31,9.89,9.59
2010-05-28,9.85,9.58
2010-05-27,9.84,9.56
2010-05-26,9.84,9.55
2010-05-25,10.00,9.64
2010-05-24,9.94,9.60
2010-05-21,9.90,9.62
2010-05-20,9.84,9.55
2010-05-19,9.89,9.58
2010-05-18,9.91,9.62
2010-05-17,9.98,9.68
2010-05-14,10.08,9.82
2010-05-13,10.23,9.99
2010-05-12,10.24,9.99
2010-05-11,10.27,9.99
2010-05-10,10.31,10.02
2010-05-07,10.31,10.03
2010-05-06,10.42,10.19
2010-05-05,10.57,10.37
2010-05-04,10.63,10.43
2010-05-03,10.63,10.43
2010-04-30,10.62,10.42
2010-04-29,10.61,10.42
2010-04-28,10.64,10.45
2010-04-27,10.73,10.52
2010-04-26,10.73,10.51
2010-04-23,10.73,10.51
2010-04-22,10.77,10.57
2010-04-21,10.80,10.60
2010-04-20,10.80,10.59
2010-04-19,10.83,10.62
2010-04-16,10.86,10.65
2010-04-15,10.90,10.70
2010-04-14,10.87,10.67
2010-04-13,10.88,10.66
2010-04-12,10.77,10.61
2010-04-09,10.70,10.53
2010-04-08,10.71,10.54
2010-04-07,10.74,10.56
2010-04-06,10.81,10.62
2010-04-05,10.82,10.61
2010-04-02,10.82,10.62
2010-04-01,10.82,10.60
2010-03-31,10.81,10.61
2010-03-30,10.80,10.60
2010-03-29,10.74,10.55
2010-03-26,10.75,10.57
2010-03-25,10.79,10.58
2010-03-24,10.89,10.71
2010-03-23,10.89,10.72
2010-03-22,10.96,10.80
2010-03-19,11.04,10.88
2010-03-18,11.09,10.94
2010-03-17,11.07,10.92
2010-03-16,11.05,10.86
2010-03-15,11.08,10.87
2010-03-12,11.03,10.80
2010-03-11,11.02,10.79
2010-03-10,11.00,10.76
2010-03-09,11.02,10.78
2010-03-08,11.02,10.78
2010-03-05,11.02,10.80
2010-03-04,11.03,10.80
2010-03-03,10.98,10.75
2010-03-02,10.97,10.73
2010-03-01,11.00,10.74
2010-02-26,10.95,10.71
2010-02-25,11.01,10.78
2010-02-24,11.02,10.79
2010-02-23,11.04,10.80
2010-02-22,11.05,10.82
2010-02-19,11.07,10.85
2010-02-18,11.14,10.92
2010-02-17,11.15,10.94
2010-02-16,11.15,10.91
2010-02-15,11.16,10.91
2010-02-12,11.23,11.02
2010-02-11,11.26,11.06
2010-02-10,11.25,11.07
2010-02-09,11.23,11.02
2010-02-08,11.24,11.01
2010-02-05,11.33,11.12
2010-02-04,11.40,11.19
2010-02-03,11.37,11.16
2010-02-02,11.33,11.13
2010-02-01,11.38,11.18
2010-01-29,11.41,11.21
2010-01-28,11.51,11.30
2010-01-27,11.55,11.32
2010-01-26,11.57,11.36
2010-01-25,11.60,11.38
2010-01-22,11.60,11.35
2010-01-21,11.65,11.37
2010-01-20,11.86,11.51
2010-01-19,11.90,11.54
2010-01-18,11.91,11.54
2010-01-15,11.97,11.65
2010-01-14,11.97,11.66
2010-01-13,11.93,11.59
2010-01-12,11.73,11.47
2010-01-11,11.64,11.40
2010-01-08,11.64,11.38
2010-01-07,11.64,11.38
2010-01-06,11.64,11.38
2010-01-05,11.63,11.37
2010-01-04,11.61,11.36
2010-01-01,11.64,11.39
2009-12-31,11.65,11.39
2009-12-30,11.65,11.42
2009-12-29,11.60,11.38
2009-12-28,11.56,11.36
2009-12-25,11.54,11.33
2009-12-24,11.49,11.28
2009-12-23,11.51,11.28
2009-12-22,11.56,11.32
2009-12-21,11.60,11.37
2009-12-18,11.65,11.40
2009-12-17,11.85,11.53
2009-12-16,11.89,11.58
2009-12-15,11.94,11.67
2009-12-14,11.99,11.70
2009-12-11,12.03,11.73
2009-12-10,12.05,11.73
2009-12-09,12.07,11.74
2009-12-08,12.09,11.79
2009-12-07,12.18,11.95
2009-12-04,12.25,12.02
2009-12-03,12.25,12.02
2009-12-02,12.24,12.00
2009-12-01,12.24,11.96
2009-11-30,12.24,11.93
2009-11-27,12.22,11.96
2009-11-26,12.25,11.98
2009-11-25,12.28,12.05
2009-11-24,12.29,12.08
2009-11-23,12.30,12.02
2009-11-20,12.31,12.06
2009-11-19,12.32,12.08
2009-11-18,12.31,12.06
2009-11-17,12.36,12.10
2009-11-16,12.36,12.11
2009-11-13,12.37,12.12
2009-11-12,12.41,12.15
2009-11-11,12.40,12.14
2009-11-10,12.42,12.13
2009-11-09,12.38,12.10
2009-11-06,12.35,12.06
2009-11-05,12.37,12.10
2009-11-04,12.34,12.05
2009-11-03,12.30,12.03
2009-11-02,12.24,11.95
2009-10-30,12.27,11.98
2009-10-29,12.29,11.97
2009-10-28,12.35,12.06
2009-10-27,12.42,12.13
2009-10-26,12.44,12.18
2009-10-23,12.47,12.22
2009-10-22,12.50,12.20
2009-10-21,12.48,12.18
2009-10-20,12.45,12.16
2009-10-19,12.35,12.01
2009-10-16,12.35,12.00
2009-10-15,12.41,12.14
2009-10-14,12.42,12.16
2009-10-13,12.40,12.16
2009-10-12,12.40,12.16
2009-10-09,12.48,12.18
2009-10-08,12.47,12.19
2009-10-07,12.49,12.18
2009-10-06,12.46,12.17
2009-10-05,12.47,12.19
2009-10-02,12.42,12.10
2009-10-01,12.50,12.01
2009-09-30,12.29,11.98
2009-09-29,12.50,12.23
2009-09-28,12.51,12.26
2009-09-25,12.68,12.39
2009-09-24,12.68,12.39
2009-09-23,12.69,12.41
2009-09-22,12.63,12.36
2009-09-21,12.69,12.39
2009-09-18,12.70,12.44
2009-09-17,12.68,12.40
2009-09-16,12.66,12.37
2009-09-15,12.61,12.26
2009-09-14,12.62,12.26
2009-09-11,12.60,12.22
2009-09-10,12.53,12.08
2009-09-09,12.67,12.26
2009-09-08,12.78,12.39
2009-09-07,12.76,12.37
2009-09-04,12.77,12.36
2009-09-03,12.60,12.22
2009-09-02,12.33,12.03
2009-09-01,12.25,11.97
2009-08-31,12.25,11.98
2009-08-28,12.30,11.95
2009-08-27,12.22,11.93
2009-08-26,12.21,11.95
2009-08-25,12.20,11.88
2009-08-24,12.06,11.71
2009-08-21,12.04,11.70
2009-08-20,11.91,11.61
2009-08-19,11.88,11.58
2009-08-18,11.90,11.57
2009-08-17,11.89,11.57
2009-08-14,12.02,11.63
2009-08-13,11.91,11.54
2009-08-12,11.65,11.38
2009-08-11,11.61,11.35
2009-08-10,11.64,11.33
2009-08-07,11.72,11.38
2009-08-06,11.65,11.33
2009-08-05,11.59,11.25
2009-08-04,11.54,11.19
2009-08-03,11.46,11.00
2009-07-31,11.49,11.09
2009-07-30,11.53,11.18
2009-07-29,11.56,11.24
2009-07-28,11.51,11.18
2009-07-27,11.39,11.13
2009-07-24,11.35,11.08
2009-07-23,11.31,11.03
2009-07-22,11.28,11.04
2009-07-21,11.25,10.95
2009-07-20,11.23,10.97
2009-07-17,11.18,10.93
2009-07-16,11.07,10.86
2009-07-15,10.98,10.77
2009-07-14,10.91,10.70
2009-07-13,10.89,10.67
2009-07-10,10.90,10.67
2009-07-09,10.92,10.70
2009-07-08,10.99,10.73
2009-07-07,11.02,10.77
2009-07-06,11.13,10.84
2009-07-03,11.13,10.84
2009-07-02,11.05,10.83
2009-07-01,11.00,10.78
2009-06-30,10.97,10.75
2009-06-29,10.85,10.63
2009-06-26,10.83,10.63
2009-06-25,10.83,10.62
2009-06-24,10.82,10.60
2009-06-23,10.71,10.54
2009-06-22,10.75,10.57
2009-06-19,10.78,10.59
2009-06-18,10.76,10.57
2009-06-17,10.73,10.55
2009-06-16,10.74,10.55
2009-06-15,10.79,10.59
2009-06-12,10.79,10.60
2009-06-11,10.80,10.60
2009-06-10,10.78,10.56
2009-06-09,10.80,10.55
2009-06-08,10.88,10.67
2009-06-05,10.88,10.67
2009-06-04,10.90,10.68
2009-06-03,10.93,10.70
2009-06-02,10.88,10.66
2009-06-01,10.87,10.56
2009-05-29,10.81,10.53
2009-05-28,10.77,10.46
2009-05-27,10.78,10.49
2009-05-26,10.77,10.43
2009-05-25,10.74,10.35
2009-05-22,10.70,10.32
2009-05-21,10.63,10.27
2009-05-20,10.53,10.15
2009-05-19,10.44,10.07
2009-05-18,10.45,10.06
2009-05-15,10.57,10.13
2009-05-14,10.64,10.23
2009-05-13,10.78,10.41
2009-05-12,10.84,10.52
2009-05-11,10.80,10.47
2009-05-08,10.81,10.47
2009-05-07,10.78,10.45
2009-05-06,10.83,10.48
2009-05-05,10.81,10.46
2009-05-04,10.83,10.44
2009-05-01,10.83,10.44
2009-04-30,10.84,10.45
2009-04-29,10.78,10.45
2009-04-28,10.75,10.40
2009-04-27,10.78,10.43
2009-04-24,10.76,10.44
2009-04-23,10.68,10.38
2009-04-22,10.67,10.35
2009-04-21,10.70,10.37
2009-04-20,10.76,10.42
2009-04-17,10.76,10.42
2009-04-16,10.78,10.45
2009-04-15,10.79,10.45
2009-04-14,10.84,10.46
2009-04-13,10.78,10.42
2009-04-10,10.82,10.44
2009-04-09,10.85,10.43
2009-04-08,10.96,10.52
2009-04-07,11.07,10.70
2009-04-06,11.19,10.78
2009-04-03,11.18,10.78
2009-04-02,11.11,10.73
2009-04-01,11.09,10.72
2009-03-31,11.16,10.70
2009-03-30,11.20,10.75
2009-03-27,11.40,10.91
2009-03-26,11.43,10.89
2009-03-25,11.41,10.77
2009-03-24,11.45,10.87
2009-03-23,11.48,10.90
2009-03-20,11.63,11.02
2009-03-19,11.55,10.76
2009-03-18,10.93,10.38
2009-03-17,10.82,10.32
2009-03-16,10.89,10.25
2009-03-13,10.86,10.26
2009-03-12,10.89,10.26
2009-03-11,11.01,10.40
2009-03-10,11.09,10.39
2009-03-09,11.07,10.31
2009-03-06,10.99,10.31
2009-03-05,10.97,10.31
2009-03-04,11.02,10.26
2009-03-03,11.20,10.34
2009-03-02,11.32,10.32
2009-02-27,11.20,10.16
2009-02-26,11.80,10.58
2009-02-25,12.40,11.36
2009-02-24,12.26,11.34
2009-02-23,11.85,10.96
2009-02-20,11.11,10.54
2009-02-19,10.96,10.41
2009-02-18,10.81,10.28
2009-02-17,10.77,10.27
2009-02-16,10.82,10.30
2009-02-13,10.88,10.35
2009-02-12,10.91,10.38
2009-02-11,10.98,10.44
2009-02-10,11.02,10.41
2009-02-09,11.03,10.37
2009-02-06,11.03,10.38
2009-02-05,10.98,10.34
2009-02-04,10.90,10.27
2009-02-03,10.86,10.14
2009-02-02,10.78,9.93
2009-01-30,10.77,10.00
2009-01-29,10.96,10.15
2009-01-28,11.12,10.32
2009-01-27,11.10,10.29
2009-01-26,10.99,10.14
2009-01-23,10.79,10.00
2009-01-22,10.59,9.89
2009-01-21,10.72,9.96
2009-01-20,11.14,10.22
2009-01-19,11.45,10.44
2009-01-16,11.56,10.49
2009-01-15,11.89,10.72
2009-01-14,12.05,10.91
2009-01-13,12.21,10.80
2009-01-12,12.27,10.80
2009-01-09,12.08,10.69
2009-01-08,11.77,10.36
2009-01-07,11.63,10.29
2009-01-06,11.63,10.29
2009-01-05,11.83,10.45
2009-01-02,11.73,10.45
2009-01-01,11.73,10.45
2008-12-31,11.73,10.45
2008-12-30,11.69,10.38
2008-12-29,11.32,9.96
2008-12-26,11.09,9.89
2008-12-25,11.23,9.95
2008-12-24,11.59,10.10
2008-12-23,11.72,9.87
2008-12-22,11.49,9.35
2008-12-19,12.37,9.78
2008-12-18,14.25,12.47
2008-12-17,12.46,11.63
2008-12-16,11.69,10.87
2008-12-15,10.78,10.14
2008-12-12,10.25,9.80
2008-12-11,10.05,9.60
2008-12-10,9.81,9.39
2008-12-09,9.69,9.29
2008-12-08,9.65,9.22
2008-12-05,9.56,9.13
2008-12-04,9.51,9.07
2008-12-03,9.52,9.07
2008-12-02,9.10,8.92
2008-12-01,8.87,8.76
2008-11-28,8.71,8.62
2008-11-27,8.74,8.66
2008-11-26,8.50,8.44
2008-11-25,8.16,8.07
2008-11-24,7.85,7.76
2008-11-21,7.64,7.57
2008-11-20,7.66,7.54
2008-11-19,7.53,7.45
2008-11-18,7.44,7.37
2008-11-17,7.43,7.32
2008-11-14,7.36,7.25
2008-11-13,7.36,7.25
2008-11-12,7.46,7.31
2008-11-11,7.54,7.39
2008-11-10,7.50,7.33
2008-11-07,7.40,7.25
2008-11-06,7.50,7.33
2008-11-05,7.66,7.34
2008-11-04,7.71,7.36
2008-11-03,7.83,7.50
2008-10-31,7.90,7.55
2008-10-30,8.59,8.21
2008-10-29,8.46,8.09
2008-10-28,7.81,7.47
2008-10-27,7.76,7.44
2008-10-24,7.70,7.39
2008-10-23,7.61,7.28
2008-10-22,7.49,7.18
2008-10-21,7.47,7.18
2008-10-20,7.44,7.14
2008-10-17,7.41,7.11
2008-10-16,7.40,7.08
2008-10-15,7.38,7.05
2008-10-14,7.38,7.05
2008-09-28,7.60,7.29
2008-09-27,7.60,7.29
2008-09-26,7.60,7.29
2008-09-25,7.60,7.23
2008-09-24,6.00,5.74
2008-09-23,7.45,7.08
2008-09-22,7.29,6.94
2008-09-18,7.14,6.84
2008-09-17,6.96,6.74
2008-09-16,6.93,6.69
2008-09-15,6.90,6.65
2008-09-14,6.87,6.61
2008-09-13,6.87,6.61
2008-09-12,6.89,6.61
2008-09-11,5.54,5.31
2008-09-10,6.90,6.65
2008-09-09,6.93,6.71
2008-09-08,5.57,5.36
2008-09-07,7.04,6.75
2008-09-06,7.04,6.75
2008-09-05,5.62,5.41
2008-09-04,7.02,6.76
2008-09-03,7.01,6.75
2008-09-02,6.99,6.75
2008-09-01,7.00,6.76
2008-08-31,7.00,6.76
2008-08-30,7.00,6.76
2008-08-29,7.01,6.76
2008-08-28,7.00,6.75
2008-08-27,6.96,6.72
2008-08-26,5.58,5.40
2008-08-25,7.01,6.74
2008-08-24,7.01,6.74
2008-08-23,7.01,6.74
2008-08-22,7.01,6.74
2008-08-21,7.01,6.74
2008-08-20,7.02,6.73
2008-08-19,7.04,6.74
2008-08-18,7.08,6.78
2008-08-17,7.12,6.82
2008-08-16,7.12,6.82
2008-08-15,7.16,6.85
2008-08-14,7.21,6.89
2008-08-13,5.79,5.54
2008-08-12,7.23,6.90
2008-08-11,7.26,6.95
2008-08-10,7.31,7.07
2008-08-09,7.31,7.07
2008-08-08,7.32,7.09
2008-08-07,7.33,7.15
2008-08-06,7.38,7.18
2008-08-05,7.39,7.20
2008-08-04,7.39,7.19
2008-08-03,7.41,7.20
2008-08-02,7.41,7.20
2008-08-01,7.41,7.20
2008-07-31,5.90,5.79
2008-07-30,7.42,7.22
2008-07-29,7.41,7.23
2008-07-28,7.39,7.20
2008-07-27,7.36,7.19
2008-07-26,7.36,7.19
2008-07-25,7.38,7.20
2008-07-24,7.39,7.22
2008-07-23,7.45,7.21
2008-07-22,7.45,7.21
2008-07-21,7.45,7.21
2008-07-20,7.46,7.21
2008-07-19,7.46,7.21
2008-07-18,7.46,7.21
2008-07-17,7.46,7.21
2008-07-16,7.44,7.19
2008-07-15,7.41,7.18
2008-07-14,7.43,7.15
2008-07-13,7.40,7.13
2008-07-12,7.40,7.13
2008-07-11,7.40,7.13
2008-07-10,7.38,7.12
2008-07-09,7.39,7.12
2008-07-08,7.39,7.12
2008-07-07,7.37,7.11
2008-07-06,7.38,7.14
2008-07-05,7.38,7.14
2008-07-04,7.38,7.14
2008-07-03,7.38,7.15
2008-07-02,7.38,7.15
2008-07-01,7.40,7.16
2008-06-30,7.40,7.18
2008-06-29,7.40,7.18
2008-06-28,7.40,7.18
2008-06-27,5.94,5.77
2008-06-26,7.40,7.20
2008-06-25,7.48,7.20
2008-06-24,7.45,7.19
2008-06-23,5.99,5.79
2008-06-22,7.47,7.20
2008-06-21,7.47,7.20
2008-06-20,5.97,5.77
2008-06-19,7.51,7.21
2008-06-18,7.51,7.23
2008-06-17,7.50,7.22
2008-06-16,7.51,7.26
2008-06-15,7.51,7.26
2008-06-14,7.51,7.26
2008-06-13,7.51,7.26
2008-06-12,7.54,7.29
2008-06-11,7.56,7.29
2008-06-10,7.62,7.34
2008-06-09,7.57,7.32
2008-06-08,7.55,7.29
2008-06-07,7.55,7.29
2008-06-06,7.56,7.30
2008-06-05,7.57,7.32
2008-06-04,7.60,7.34
2008-06-03,7.60,7.34
2008-06-02,7.62,7.33
2008-06-01,7.61,7.31
2008-05-31,7.61,7.31
2008-05-30,7.61,7.31
2008-05-29,7.64,7.36
2008-05-28,7.71,7.36
2008-05-27,7.67,7.30
2008-05-26,6.13,5.85
2008-05-25,7.65,7.23
2008-05-24,7.65,7.23
2008-05-23,7.65,7.22
2008-05-22,7.60,7.17
2008-05-21,7.59,7.25
2008-05-20,7.63,7.30
2008-05-19,7.65,7.30
2008-05-18,7.69,7.34
2008-05-17,7.69,7.34
2008-05-16,7.69,7.34
2008-05-15,7.75,7.42
2008-05-14,7.76,7.43
2008-05-13,7.76,7.42
2008-05-12,6.22,5.96
2008-05-11,7.78,7.45
2008-05-10,7.78,7.45
2008-05-09,7.78,7.45
2008-05-08,6.26,6.02
2008-05-07,7.81,7.50
2008-05-06,7.79,7.52
2008-05-05,7.82,7.55
2008-05-04,7.85,7.56
2008-05-03,7.85,7.56
2008-05-02,7.85,7.56
2008-05-01,6.27,6.04
2008-04-30,7.85,7.56
2008-04-29,7.86,7.55
2008-04-28,4.74,4.60
2008-04-27,4.76,4.61
2008-04-26,7.91,7.62
2008-04-25,7.92,7.64
2008-04-24,7.97,7.75
2008-04-23,7.97,7.77
2008-04-22,7.98,7.78
2008-04-21,7.97,7.76
2008-04-20,8.00,7.78
2008-04-19,8.00,7.78
2008-04-18,8.01,7.78
2008-04-17,8.01,7.79
2008-04-16,7.99,7.78
2008-04-15,8.01,7.77
2008-04-14,8.00,7.79
2008-04-13,8.00,7.78
2008-04-12,8.01,7.80
2008-04-11,8.01,7.80
2008-04-10,7.97,7.76
2008-04-09,7.95,7.75
2008-04-08,7.94,7.73
2008-04-07,7.94,7.75
2008-04-06,7.92,7.71
2008-04-05,7.92,7.71
2008-04-04,7.92,7.70
2008-04-03,7.92,7.71
2008-04-02,7.96,7.74
2008-04-01,8.00,7.79
2008-03-31,8.01,7.76
2008-03-30,8.01,7.76
2008-03-29,8.01,7.76
2008-03-28,8.00,7.75
2008-03-27,7.96,7.66
2008-03-26,7.89,7.61
2008-03-25,7.83,7.52
2008-03-24,7.87,7.61
2008-03-23,7.88,7.65
2008-03-22,7.88,7.65
2008-03-21,7.88,7.65
2008-03-20,7.97,7.76
2008-03-19,8.02,7.83
2008-03-17,7.99,7.77
2008-03-16,7.93,7.72
2008-03-15,7.93,7.72
2008-03-14,7.94,7.73
2008-03-13,7.88,7.69
2008-03-12,7.84,7.63
2008-03-11,7.87,7.64
2008-03-10,7.83,7.61
2008-03-09,7.82,7.62
2008-03-08,7.82,7.62
2008-03-07,7.82,7.62
2008-03-06,7.77,7.57
2008-03-05,7.76,7.59
2008-03-04,7.76,7.59
2008-03-03,7.75,7.58
2008-03-02,7.71,7.53
2008-03-01,7.71,7.53
2008-02-29,7.71,7.51
2008-02-28,7.66,7.49
2008-02-27,7.60,7.45
2008-02-26,7.56,7.42
2008-02-25,7.57,7.43
2008-02-24,7.52,7.38
2008-02-23,7.52,7.38
2008-02-22,7.52,7.38
2008-02-21,7.50,7.36
2008-02-20,7.52,7.39
2008-02-19,7.50,7.38
2008-02-18,7.52,7.38
2008-02-17,7.49,7.36
2008-02-16,7.49,7.36
2008-02-15,7.48,7.36
2008-02-13,7.47,7.34
2008-02-12,7.46,7.32
2008-02-11,7.46,7.32
2008-02-10,7.47,7.32
2008-02-09,7.47,7.32
2008-02-08,7.47,7.33
2008-02-07,7.51,7.37
2008-02-06,7.54,7.41
2008-02-05,7.58,7.45
2008-02-04,7.59,7.47
2008-02-03,7.60,7.47
2008-02-02,7.60,7.46
2008-02-01,7.59,7.46
2008-01-31,7.58,7.43
2008-01-30,7.56,7.42
2008-01-29,7.55,7.40
2008-01-28,7.53,7.39
2008-01-27,7.52,7.38
2008-01-26,7.52,7.38
2008-01-25,7.11,7.36
2008-01-24,7.48,7.34
2008-01-23,7.47,7.31
2008-01-22,7.44,7.29
2008-01-21,7.51,7.36
2008-01-20,7.52,7.38
2008-01-19,7.52,7.38
2008-01-18,7.52,7.38
2008-01-17,7.56,7.43
2008-01-16,7.60,7.46
2008-01-15,7.60,7.46
2008-01-14,7.58,7.44
2008-01-13,7.56,7.41
2008-01-12,7.56,7.41
2008-01-11,7.55,7.40
2008-01-10,7.52,7.39
2008-01-09,7.54,7.40
2008-01-08,7.54,7.39
2008-01-07,7.52,7.39
2008-01-06,7.54,7.39
2008-01-05,7.53,7.39
2008-01-04,7.53,7.39
2008-01-03,7.53,7.39
2008-01-02,7.52,7.38
2008-01-01,7.52,7.38
2007-12-31,7.52,7.38
2007-12-30,7.51,7.37
2007-12-29,7.51,7.37
2007-12-28,7.44,7.31
2007-12-27,7.41,7.29
2007-12-26,7.40,7.27
2007-12-25,7.39,7.26
2007-12-24,7.39,7.25
2007-12-23,7.40,7.25
2007-12-22,7.40,7.25
2007-12-21,7.40,7.26
2007-12-20,7.41,7.27
2007-12-19,7.42,7.27
2007-12-18,7.42,7.27
2007-12-17,7.48,7.32
2007-12-16,7.53,7.40
2007-12-15,7.53,7.40
2007-12-14,7.53,7.40
2007-12-13,7.54,7.41
2007-12-12,7.53,7.41
2007-12-11,7.53,7.40
2007-12-10,7.51,7.38
2007-12-09,7.50,7.37
2007-12-08,7.50,7.37
2007-12-07,7.49,7.36
2007-12-06,7.53,7.40
2007-12-05,7.54,7.41
2007-12-04,7.53,7.39
2007-12-03,7.54,7.41
2007-12-02,7.56,7.43
2007-12-01,7.56,7.44
2007-11-30,7.56,7.44
2007-11-29,7.58,7.44
2007-11-28,7.59,7.46
2007-11-27,7.60,7.45
2007-11-26,7.58,7.43
2007-11-25,7.60,7.46
2007-11-24,7.60,7.46
2007-11-23,7.59,7.45
2007-11-22,7.58,7.44
2007-11-21,7.56,7.43
2007-11-20,7.50,7.38
2007-11-19,7.51,7.37
2007-11-18,7.51,7.36
2007-11-17,7.51,7.36
2007-11-16,7.50,7.36
2007-11-15,7.51,7.37
2007-11-14,7.50,7.35
2007-11-13,7.47,7.35
2007-11-12,7.50,7.39
2007-11-11,7.50,7.39
2007-11-10,7.50,7.39
2007-11-09,7.51,7.39
2007-11-08,7.45,7.35
2007-11-07,7.42,7.30
2007-11-06,7.39,7.27
2007-11-05,7.39,7.27
2007-11-03,7.37,7.26
